HIGH_CH,DIAB,OBES,PHY_IA,SMOKE,DEATH
40.1,8.2,30.1,23.5,17.5,353.7
41.1,15.1,41.2,26.7,24.5,575.2
39.2,27.9,46.4,42.3,24.4,473.7
41.1,17,47.3,38.9,21.4,425.9
42.3,13.9,46.7,32,21.4,545.8
41.3,22.5,36.1,40,22.8,461.4
38.6,13.9,36.6,30.5,20.7,526.7
43.4,20.9,42.5,40.1,23.8,480.3
41,13.5,35.9,34.3,21.9,524.2
40.6,18.2,35.1,33.4,22,523.4
36.6,14.2,41.8,30.7,20.8,427.8
39.5,17,36.4,32.1,24.6,432.7
42.2,17.1,41.5,39.1,23.8,432.1
42.3,13.1,34.7,27.4,21.5,385.3
38.6,14.4,38.5,31.2,21.6,374.9
36.8,13.3,38,27.6,20.2,470.1
41.8,19.9,43,34.7,23.8,396.1
34.3,14.2,38.6,28,19.4,461.9
41,9.9,31.7,32.1,22.9,410.5
40.3,15.9,50.3,33.8,24.1,591.6
38.5,12.2,37.4,33.1,22.7,503.7
41.1,14,36.5,33,20.8,484.8
42.5,17.9,37.8,27.9,22.7,432.2
40.2,12.8,36.6,36,22,501.8
42.6,18,38,22.6,24.7,476.8
41.1,15.2,45.5,30.5,22.6,476.3
43.2,19.3,34.5,29.2,22.6,416.1
39.8,12.7,32.5,25.6,18.4,373.9
41,20.5,32.5,28.8,23.2,468.9
40.1,15.5,45.2,31.8,21.7,539.3
42.2,16.8,38.7,31.9,22.6,494.4
41.7,18,47,34.9,24.6,526.2
39.9,16.8,38.8,25.2,22.6,491
38.4,16.2,43,32.2,20.5,457.5
34.9,12.1,36.1,27.4,19.1,441.1
41.8,13,39.8,29.9,23.5,802.6
44,20,35.7,34.7,23.3,466.3
37,11.4,32.7,30.2,19.4,401
40.8,12.2,32.5,32.6,22.1,463.6
40.3,15.2,39.7,30,20.4,616.2
40.6,15.6,42,27.5,22,377.3
42.8,12,38.1,27.7,21.8,421.9
41.6,16.8,42.1,31.9,22.8,481.5
42.3,14.2,37.1,32.3,23.6,516.2
41.2,12.1,34,24.9,22.9,534.9
42.9,23.1,44.6,34.1,22.9,453.2
40.7,13.3,35.6,33,21.7,559.4
39.1,14.8,42.8,31.4,23.7,638.5
41.7,14.3,30.3,32.3,24.3,478.6
37.5,13.9,34.9,23.7,19.1,480.4
41.8,14.8,35.9,32,22.1,528
41.7,13.3,35.3,32.6,22.6,548.8
35.7,11.5,34.4,28.4,18,383.5
34.1,10.6,30.8,20.2,18.5,294.6
38.4,11.2,32.6,25.3,20.2,462.9
41.2,14.2,43.4,31.4,25,468.2
37.4,14.5,51,31.6,20.1,612.1
34.3,11.9,33.5,23.7,16.7,404.6
40.2,10,36.8,36.1,22.2,461.8
36,15.2,37.1,28.8,19.4,330.5
39.6,10.4,35.2,26.2,20.1,491.4
41.4,15,33.5,32.2,21.6,534.1
37.6,15.5,38.6,31.6,22.2,347
39,12.8,36.6,28.5,21.1,400.4
36.8,9.4,37.5,22.9,14.7,304.3
39.9,14.6,38.8,35.3,23.1,522.7
41.2,11.3,34.2,25.3,22.3,482.1
33.2,14.9,50.9,26.7,21.8,182.4
32.8,8.2,41.5,27.2,20.4,172.6
32.1,8.6,30.1,17,17.3,255.6
31.9,7.2,33.9,28.1,35.8,343.4
34.7,16.1,41.8,26.8,21.9,-1
33.5,7.7,23,20.7,19.4,218.6
31.7,8.4,30.5,25.6,30.7,363.3
31.6,7.9,31.1,18.6,17.5,283.5
37.5,5.2,28.2,17.7,16.9,225.4
39.1,11.7,29.8,14.5,22.3,211.5
31.4,5.6,26.1,17.6,16.1,228.9
35.1,8.1,32.9,19.9,20.8,260.9
34.8,9.5,38.4,19.2,20.1,275.3
32.1,6.8,28.1,24.8,19.3,268.2
34.4,11.6,37.1,26.6,30,277.9
32.3,8.6,34.3,19.8,20.5,223.2
31.9,7.2,40.2,19.9,34.8,442.1
31.9,5.8,43.4,33.6,26.8,278.8
31.2,15.7,44.9,24.4,34.9,404.7
36,7.1,25.1,22.1,19.2,218.8
36.8,10.1,39.6,18.1,26.3,279.5
33.1,5.8,25.5,17.6,17.4,148.6
33,4.4,25.8,17,17.5,-1
35.8,9.3,32.3,18.8,22.4,290.3
34,6.3,33.5,21.5,19.2,273.8
33.3,5.4,23,27.3,45.7,52.2
39.6,16,35.8,25.8,21.4,265.4
36.2,7.9,37.1,31.5,23,-1
35.7,8.4,30.8,24.4,32.1,273.4
34.9,14.7,36,25,24,272.1
38.2,8.3,31.4,22.6,16,301.9
28.1,7.8,24.5,16.6,16,211.1
38.4,10.8,33.1,23.9,20,350.8
32.9,11.5,34.1,22.6,19.5,294.2
31.9,11.1,30,18.7,16.8,305.1
42.3,13,34.3,35.2,17.5,382.4
32.9,8,27,19.3,15.1,262.5
40.3,10.2,31.3,29.4,21.8,383
36.6,13.2,33.8,25.8,22.1,307
34.9,7.6,25.7,18.4,15.8,265
34.8,11.9,35,27.4,18,237.8
36.7,7.7,30.1,16.8,14.8,222.6
39.8,7.6,24.7,20,15.6,268.6
35.4,10.6,38.4,23.4,15.5,258.5
32.4,9.1,31,22.3,18.7,335.5
38.5,12.3,39.1,27.8,22.9,421.1
39.8,12.6,42.3,31.4,25,463.2
39.3,19.2,31.5,30.1,23.9,463.1
39.4,7.7,42.4,41.4,24,521.2
40.1,19.2,33.4,33.4,22.8,495.3
40.8,13.8,30.2,35.8,24.3,456.7
41,10,30.8,27.9,24.6,567.2
37.2,10.8,39,30.9,24.3,525.7
42.4,11.3,36.1,27.3,23.1,448.5
41.5,14.2,37.6,36.5,26.2,429.5
35.6,13.3,34.8,29.6,23.2,431
39,13.6,32.4,35.1,24.1,455.4
32.3,9.8,32,26.6,20.5,671.6
39.4,16.4,35.1,37.9,23.2,421.3
39.1,10.8,42.2,42.8,24.1,473.8
42.6,11.9,31.4,27,20.6,374.4
38.8,8.7,29.1,30.1,23,522.8
39.7,16.3,31.4,36.1,23.7,534.2
40,7.5,25.9,38.3,24.1,454.6
40.7,6.5,29.4,31.3,20.7,430.4
39.5,7,40.3,33.6,24.6,458.7
33.6,13.5,26.5,38.6,18.8,445.2
41.7,7.4,38,32.9,25.7,441.8
42.5,9.1,34.2,30.8,22,307.8
39.6,13.3,38.7,31.9,23.6,446.8
36.2,17.2,43.7,36.6,22.9,436.9
38.9,15,39.7,32.3,23.2,383.2
32.8,13.4,39.5,33.2,22,459.6
37.4,15.3,36.9,39,23.6,454.6
39.4,17.1,41.9,35.5,24.5,455.8
40.2,14.5,40.1,46.6,22.6,449.4
41.2,7.4,47.1,33.5,26.4,590.3
36.8,16,34.7,31,22.5,410.9
32.3,10.5,36.5,27.3,20.3,382.1
43.3,9.7,32.3,29.8,25.2,388.6
40.1,13.7,29.1,27,20.8,434.9
38,15.3,34.3,36.8,21.7,396.5
36.7,13.6,38.1,33.5,24.2,375.4
39,13.5,35,29.4,23.9,462.6
38.1,9.8,29.7,31.9,23.4,535.8
41.6,13.2,32.7,26.3,22.5,411.6
39.5,28.7,38.9,25.5,27.2,459.1
36.9,12.8,42.8,32.4,23.7,487.4
38,11.4,40.9,30,24.6,447.7
41.1,15.7,46.1,30.5,22.9,455.3
39.3,9.5,38,25.8,24.5,444.3
39.1,12.6,40.5,31.4,27.7,457.6
36.3,14.2,44.5,36.4,26.7,506.9
35.3,13.6,40.9,30.7,22,322.5
43.4,9.8,26.8,27,23.4,423.8
37.9,16.9,42.9,35.1,26.4,576.6
41.9,15.8,43,30.8,25.9,567.9
43.3,6.2,24.9,24.5,23.6,396
40.2,12.3,43,45.3,23.9,449.3
42.8,8.6,39.8,25.6,22.8,472.1
40.2,15.9,40.9,32,23.6,435.4
40.3,9.9,36.5,27.2,23.5,391.1
39.8,17.8,44.9,34.7,25.4,330.7
39.9,14.7,29.2,29.8,23.5,436.3
39.9,19.7,41.1,31.3,26.4,585
36.5,13.6,35,28.4,22.4,419.7
41.5,10.4,36,49.8,22.6,425.9
35.1,11.2,33.9,26,18.4,344
40.4,14.2,33.5,35.6,25.7,392.2
37.2,14.2,48.4,30.1,27.1,482.9
37.2,9.2,30.2,25.3,19.9,348.2
43.4,14.6,25.7,28.4,25,399.8
43.5,19.2,41.3,35.8,25.5,459.1
45.2,10.6,41,32.2,24.6,336
39,11.2,34.7,36.7,21.6,412.6
43.2,13.4,37.7,24.8,23.1,340
36.2,16.1,33,33.4,22.9,490.7
41.5,25.3,33,35.9,24.5,507.5
38.8,11.5,36.9,35,24,509.7
28.4,6.7,22,14.5,11.3,213.4
37,14.2,29.8,21.2,14.6,312.6
33.9,9.3,30.3,22.2,15.3,326.9
38.5,7.4,28.1,24,13.9,300
33.9,14.7,38.8,25.7,15.3,304.8
30.7,7.5,24.9,15.8,11,200.5
35.7,15.8,33.9,32.7,18.8,305.8
36,5.9,25.2,17,12.7,248.4
35.2,10.1,34.1,20.8,16.6,316.8
33.7,8.8,24.8,15.6,16.1,308.4
31.3,13.5,34,24.7,17.1,334.4
38,7.9,22.7,21.2,17.1,314.4
32.1,14.5,32.8,33.4,18.5,354.6
34.7,6.3,17.5,12.3,9.2,170.1
38.3,5.3,16.1,15.7,14.5,312
36.5,8.4,30.5,15.3,15.8,278.1
32.6,13,33.4,27.4,16.3,308.5
39.4,8.3,26.1,21.5,17,345.4
33,8.7,24.8,18.9,13.6,213.6
33.9,8.2,23.7,16.7,11.8,243.8
37.8,3.5,18.1,11.6,12.5,251.3
34.2,5.4,20.2,12.8,11.1,235.5
38.8,4.6,23.8,20.7,14,342.6
31.4,8.8,29.7,19.6,14,280.4
32.1,9.1,35.4,25.4,13.1,230.9
29.6,6,17,14.6,11.7,211.8
33.2,9.8,35.3,25.4,14.8,304.1
32.1,7.7,28.5,14.9,12.4,217.3
30.3,7.1,22.6,15.2,10.1,204.4
31.5,7.5,24.1,13.7,12.6,251.1
29.8,8.1,19.7,15.7,9.7,182.8
30.6,5.5,19,10.7,12,195.4
35.3,10.5,26.4,15.8,16.1,375.7
39.8,4.2,19.9,22.2,14.4,320.2
38.4,7.4,34.7,23.4,15.9,310
32.1,8.3,29,21.9,13.6,218
32.2,6.8,23.7,15.1,12.4,229.9
31.8,9.7,31.4,22.9,15.7,355.3
33.8,12.1,29.7,28.7,15.6,284.7
36.6,8.9,34.3,27,17.3,362.6
40.2,6.5,28.9,19,17.2,315.7
37,5.6,29.5,21,14.4,302.6
29.4,8,24.5,14.8,12.9,242.3
32,12.6,29.4,31.6,17.2,348.5
38,4.6,16.8,17.7,16.9,336.9
31.7,9.6,33,22.6,15.7,341.7
33.1,8.9,32.8,27,15.4,257.7
36.3,9,27.1,26,14.1,333.6
32.4,9.9,31.1,25.1,16.8,383.2
33,8.4,21.8,16.3,12.7,292.7
33.6,11.5,36.7,29.4,16.5,287.6
33.1,10,28.2,12.7,13.9,223.8
34.7,7.8,19.4,14.2,10.7,252.2
33.5,9,28.3,19.1,13.4,338.7
30.1,10.3,30.6,22,15.1,368.5
30.5,7.3,20.1,14.7,13,243.1
33.3,10.9,37.1,26.2,17.5,361.3
33,7.7,19.9,17.8,12.1,254.3
38.5,3.8,24.7,10.1,14.4,258.2
39.6,8,23.7,16.8,19.6,323.7
39.1,5.2,22.1,14.6,18.2,245.1
30.3,4.5,24.4,16.4,17.1,262.7
29.1,3.2,14.2,12,14.5,240.9
38.4,6.9,24,18.7,13.9,228.6
32.7,4.6,18,13,15.7,250
32.3,7.4,25.7,14,17.6,328.2
38.7,5.9,18.4,15.1,13.4,226.3
33.8,7.2,20.5,20.4,19.8,315.5
37.1,10.2,28.2,18.3,18.7,254
37.1,5.9,20.2,17.2,17.6,284
37.2,4.3,20.7,13.8,12.8,179.9
32.5,3.1,14.9,11.5,11.8,93.4
33.5,5.6,23.2,17.6,18.2,274.2
31.5,4.8,16.1,9.9,14.5,128.5
38.4,5.4,20.9,16.3,16.2,215.3
31.7,3.2,16.3,15.1,13.8,118.9
32.5,7.6,28.5,18.8,19,266.1
31.8,7.3,31.1,20.7,18.3,288.8
31,6.8,22.5,16,15.2,220.9
38.9,10.6,31.6,25.8,19.5,296.9
35.1,11.7,33,23,22,369.9
28.7,5.2,14.2,8.8,12.3,211.5
29.3,6.6,19.3,11.9,12.6,221.5
36.2,6.1,16.2,14.2,16.3,206.5
36.3,7.1,24.1,23.1,17.7,296.9
34.5,4.7,21.4,12.6,13.7,214.5
36.3,8.2,27,21.3,17.9,273.6
41.3,14.8,24.8,22.6,18.4,224.3
32.5,8.1,29.4,27.4,24.3,275.7
40.4,7.9,21.6,16.3,15.1,262.1
27.9,5.6,17.7,13,16.1,264.3
31.5,5.2,19.9,8.8,10.8,178.3
29.5,4.4,16,11.7,13.9,97.6
34.9,5.1,24.8,15.1,14.8,206.7
30.8,6.4,22.8,15.5,15.2,274.3
35.9,6.8,30.5,19.2,20.5,302.5
34.2,4.5,21.4,13.5,14.6,232.5
34.3,5.4,17.8,12.9,16.9,167.4
40.8,5.9,26.5,19.2,15.7,268.2
37.6,8,24.4,27.1,18.8,214.5
33,5.4,20.8,12.8,14.6,261
37.3,6.2,28.7,27.3,18,362.1
35.8,9.2,32.3,20.7,18.2,273.3
32.5,7.7,27.1,16,18.6,129.9
29,5,20.8,11.3,13.8,224.9
37.9,10.5,31.5,24.6,17,261.9
33.8,5.9,30.1,23.6,20.3,281.9
32.1,8.8,36.2,21.5,18.5,259.5
33.6,8.2,34.9,21.1,19,253.6
37.1,10.7,34.7,22.7,19.4,404.2
36.6,4,19.5,15.4,15.5,184.8
36.2,7.2,31.7,20.9,16.2,282.3
35.4,11.2,35.7,19.6,18.3,329.6
34.8,8.5,31,22.2,19.1,256.7
36.1,9,29.1,22.4,17,272.1
40,10.9,26.8,24.4,19,223.9
38,8.6,25.7,25.7,17.5,279.5
30.3,4.1,15.3,10.2,15.1,76.6
37.4,5,22.2,13.5,16,241.9
35.8,11.4,29.5,27,18.8,246.6
30.8,7.4,29,18.5,17.2,235.5
34.7,6.6,30.5,20.1,18,279.1
31.3,6.2,20.8,17,11.3,249.5
33.8,8.9,27,20.2,13.7,283.2
35.5,5.9,26.5,17.7,14,267
34.1,6.8,26.3,17.2,12.4,276.5
32.9,8.9,28.4,20.9,15,280.2
31.8,8.4,30.5,19.6,14.9,280
29.7,6.9,26.1,17.4,13.1,297.4
33.5,9.4,30.6,23.1,15.9,332.8
35.5,12.2,38.2,30.1,18.9,341.7
33.1,9.4,29.9,24.1,18,291.6
38.3,9.5,33.6,29.5,17.2,305.5
31,9.6,27.4,23.6,16.6,243.2
34.5,13.6,38.1,33.2,25.2,317
35.8,10.5,30,29.8,21.3,348.6
35.5,11.2,37.3,34.1,26.7,307.2
37.8,10.1,29.1,25,18.4,306.7
40.4,14.6,36.9,40,24.8,359.1
44.4,8,28.8,24.2,17.4,217
45.1,8.8,29.8,32.5,19.2,399.9
34.7,10.4,32.8,28.4,19.8,278.4
38.6,6.5,23,21.5,13.9,161.4
38.4,12.8,36.8,35.7,23.6,301.9
38.9,12.3,31.5,34.6,24.7,224.3
40.8,11.2,33.3,40.8,28.9,302.2
32.4,12.3,31.6,26.3,18.6,330.5
33.7,11.7,29.4,27.9,19,333.8
39.3,8.8,26.9,24.2,17.6,279.3
39.1,9.2,35,30.4,24.6,340.9
36,18,43.2,34.6,21.8,315
39.1,12.8,37.5,33.5,23.8,271
39.4,18.4,39.6,33.2,23.9,240.5
36.9,11.4,32.9,30.2,22.8,348.7
37.4,13.4,39.8,36.1,26.4,326.4
38.6,15,39.8,35.3,23.2,283.1
34.5,12.3,34.8,34.3,23.4,331
39.9,11.5,32.4,28.7,20.7,335.2
41.8,10.6,31.6,31.8,18.8,290.5
34.5,9.9,26,22.9,17.6,311.9
39.5,12.2,35.7,35.7,27.2,521
38.4,7.6,27.1,23.4,17.7,262.8
37.7,13.9,37.2,36.6,24.7,386.2
39.1,11.5,35.3,25.1,20.8,306.4
37.6,13.5,33.9,33,26.5,385.4
37.6,9.9,32.3,26.7,17,297.7
39,7.9,25.2,23.3,17.5,214.4
29.7,8.4,31.3,21.9,17.3,281.5
40.8,12.3,33.1,35,23.4,345.4
35.6,12.2,39.7,36.9,27,326.7
39.3,13.8,36,31.2,26.3,391.5
40.3,8.1,26.7,23.6,17.5,247.6
40,12,33,31.7,18.5,398.3
36.2,5.4,21.1,21.6,16.7,239.3
38,8.3,29.7,22.7,18.7,311.4
32.3,10.5,27.2,28.5,19.5,288.6
38.9,12.4,33.7,35.2,24.6,357.6
32.4,8.9,27,24.3,15.9,281.4
35.2,11.6,31.4,29.1,16.6,297.9
37.8,10.1,31.6,28,20,306.6
37,7.6,26.5,21.3,18.7,272.4
36.9,11.2,36.6,27.9,19.5,301.9
40.7,14.6,38.9,35.9,25.4,313.8
35.8,6.3,22.9,20.1,15.5,216.5
35.4,10.2,30.8,28.3,21.2,302.5
39.6,6.1,21.4,19.8,15.1,210.8
34.2,9.1,26.1,21.3,15.9,254.7
46,10.3,31.9,21.9,14,248.9
38.5,12,39.2,34.6,23.4,338.2
38.7,11.8,35.5,33.3,25.6,357.9
37.8,13,37.1,30.9,29.3,512.5
39.9,10,32.6,27.2,18.8,336.3
35.8,8.3,39.3,29.7,21.8,323.4
37,10.6,31.9,29.5,21.1,276.9
39.2,12.5,37.8,33.6,28.2,468.6
34.3,7.9,24.5,22.7,16.5,264.9
38.7,7.3,20.2,20.7,16.1,216.4
34.3,6.8,22,22.3,15.6,278.2
36.4,8.6,22.2,25.4,15.2,243.2
39.6,9.6,31.1,27.4,18.6,262.9
37.8,15,34.4,41.1,23.6,421.2
37.3,11.9,30.4,29.1,25.4,478.5
36.2,11.8,43.3,37.2,24.3,486
38.3,15,35.9,24.5,20.4,398.5
37.5,19.9,42.1,40.6,22.9,503
37.2,9.7,36.5,26.9,24.6,432.4
38.3,8.5,33.4,30.2,25.7,437
37.9,10.3,30.4,26.5,22.2,359.7
31.1,9,39.4,29.2,17.4,358.2
35.9,10.2,34.9,40.2,27,410.2
32.2,11.6,37.3,28.6,18.8,370.4
35.5,12.7,36.4,34,24.4,315.2
31.4,10.4,29.7,23.2,16.9,355.9
42.5,9,41.4,42.5,24.5,428.3
38.3,16.5,45.2,21,27.3,625.5
34.5,12.8,34,35,23.1,456.3
36.3,15.1,39.6,35.4,23,327
36.2,15.1,28.7,38.6,22.8,465.8
37.5,15.4,36.1,36.4,24.1,437.1
35.3,13.7,27.1,28.5,21.8,497.2
34.7,15.2,39.1,34.6,21.2,326.6
38,9.8,46.3,26.5,22.5,531.6
35,11.2,34,27,23.3,279.8
36,8.2,32.1,29.8,17.5,340.5
36.6,20.3,35.9,35.7,22.1,375.3
36.7,13,34.5,30.5,23.7,474.5
36.7,19.5,37.4,28.9,24.3,498.3
34.9,22.2,26.7,38.6,22.8,360.4
32.8,14.6,39.7,21.4,18,432.8
28.5,14.6,38,36.3,19.4,359
31.7,11.4,32.5,31.2,22.2,325.3
31.4,17.3,36.3,30.2,19.1,376
39.7,13.4,30.6,26.9,19.2,298.6
38.3,10.6,24.1,28.9,20.6,451.7
37.1,8.3,36.9,29.7,24,374.6
37.3,10.1,35.5,36.2,21.8,460.5
42.4,7.6,29.5,24,21.8,437.1
39.6,20.7,37.9,21.8,23.8,352.7
39,7.3,44,20.8,20.5,430.3
34.9,13.3,32.6,36.9,24.5,309.7
35.3,22.3,36.3,28.8,20.9,438.5
35.2,20.1,35.4,37,24.5,451.5
37.3,24.7,31.3,36.4,25.3,298.5
37.9,10.9,35.2,32.1,23,382.8
35.9,9.9,36.3,28.9,20.5,386
34.9,8.9,38.3,33.2,20.9,484.4
37,17.4,39.6,39.4,22.3,455.1
36.8,11.9,33.9,36.5,22.3,499.8
35.9,13.9,40.4,29.1,23,383.6
39,16.7,23.5,17.8,22.1,342.7
35.7,11.6,39.2,34.6,26.5,341.8
35.9,21,34.7,40.3,23.3,387
37.8,21.6,43.8,33.1,22.1,333.5
34.7,8.3,29.2,29.1,21.3,436
35.5,12.5,37.9,25.9,23.9,372.7
32.9,17.1,36.2,34.7,20.2,430.7
35.7,14.4,32.2,24.9,18.4,338.6
21.2,14.8,45.4,30.9,18.6,354.7
37.8,12.4,34.1,22.2,24.7,501.8
33.6,9.8,28,20.5,15.3,289.8
30.5,12.4,36.6,31.9,19.5,366.4
30.2,8.5,27.6,21.1,14,266.2
33.4,12.3,30.6,28.6,16.9,372.4
37.9,15.3,43.8,40,22.4,460.3
36.4,24.1,37.7,29.8,20.2,491
36.1,12.1,28.4,22.4,16.3,309.8
29.5,10.7,26.9,20.4,16,243.9
32.3,10.5,33.2,24.5,18,417.3
42.1,9.3,29.2,28.3,17.9,345.9
34.6,6.5,27.3,19.2,12,264.8
35,12.9,34.2,31.7,20.3,522.5
32.2,6.8,26.1,16.9,12.4,244.9
29.5,8.2,24.7,20.7,13.5,269.1
39.3,12.3,25,30.3,19.8,363.2
35.9,11.5,32.3,33.7,22.4,443.5
30.8,10.3,31.8,25.2,14.1,232.3
36.2,6.5,24.8,25.3,22.4,500.5
35.3,13.2,30.2,18.3,15,303
37.2,7.2,36.5,27.2,22.3,396.6
31.5,11.5,34.2,24.2,17,360.7
34.6,15.3,37.4,28.4,20.5,411.8
34.1,12.4,31,28.1,19.1,318.3
36.5,14.2,29.9,42.2,24.6,440.8
39.2,11.3,30.9,31.5,21.7,455.2
37.8,16,41.1,37.3,21.9,503.5
36.4,12.9,35.9,37.4,18.9,348.6
36.6,15,35.4,31.3,23.3,404.6
31.6,14.3,37.8,26.9,19.2,498.2
31.2,9.2,36.7,24.9,17.8,352.5
37.8,15.1,34.3,25.8,17.7,369.8
35.4,12.8,39.4,25.8,19.6,329.4
36.2,15.9,42,32,22.3,541.9
32.9,14,44.4,32.2,17.1,313
36.9,18.1,27.5,20.8,20.9,310.5
36,11.7,41.7,35.2,21.4,395.2
39.5,21.3,19.6,28.2,21.6,413
39.2,12,45.3,38.1,24,377.7
34.1,11.5,50.1,30.5,21.2,513.3
41.1,8.1,28.6,23.7,16.1,338.4
37.1,7.2,22.4,30.8,22.5,556.6
37.3,16,35.2,34.6,21.9,545.7
34.1,13.6,33.3,32.7,20.3,387.4
34.8,11.2,40.7,25.6,20.9,548.9
37.2,6.9,32.1,34.3,22.8,363.4
32.5,13.5,38.5,22.9,20.5,306.8
35,17.1,39,30.1,19.8,514.8
34.6,4.7,40.7,33.6,20.2,407
30.3,12.1,36.7,20.8,18.7,341.8
36.6,18.7,38.7,30.9,23.4,430.3
38.8,13.4,53.4,26.8,24.7,426.3
27.9,8.8,25.4,22.7,17.4,342.9
32,8.2,33.1,26.5,16,231.3
37,12.9,42.1,24,22.4,390.2
38.3,19.1,39.2,29.9,23.2,391.7
32.9,6.9,35.4,31.4,20.1,364.8
37.9,12.5,44.3,39,21.7,443.3
36.2,18.9,37.2,28.2,24.5,534.1
36.7,6.6,41.8,24.8,23.2,375.5
38.1,13.1,27.4,25,22.4,528.7
37.4,10.6,30.4,20.9,24,415.3
41,8.3,32.6,35.6,18.3,339.8
36.7,7.2,31.6,24.2,20.2,321.3
33.5,10.4,31.9,24.4,17.1,283.5
39.4,20.5,29.8,22.6,24.9,395.2
38.6,8.3,31.6,24.1,21.9,380.1
32.1,13.9,36.7,26.6,18.3,415
34.2,8,27,31,19.6,392.9
38.2,10.9,34.3,26.6,23.6,365.7
37.2,20.4,28.2,29.2,22.9,498.3
36.5,11.2,34.9,21.3,24.7,361
36.7,21,47.2,37.3,24.1,451.7
35.3,22.7,34.4,28.9,19.6,347.8
37.1,15.1,38.4,36.1,23,455.1
39.3,15.6,24.5,27.9,20.5,323.5
37.1,13.6,40.4,35,22.4,455.2
37.1,14,24.6,28,21.4,391
35,12.3,30.3,30.4,20.9,384.7
36.4,12.2,31.1,20.6,17.5,359.8
32.5,16.3,39.3,30.8,19.4,369.4
33.5,8.7,24.6,23.8,13,309
37.3,8.6,37.4,39.1,21.1,346.3
34,14.1,41.4,36.4,19.5,456.7
38,14.5,45.3,34.1,21.9,409.2
38.6,12,36.1,26.4,18.9,381.9
40.4,9.3,37.7,20.7,19.2,318.3
33.1,13,36.2,28.3,21.1,491
37,12.2,31.7,35.1,22.6,385
37,13.4,38.6,28.6,19.6,467.6
41.1,10.5,12.6,25.9,23.3,377
36.7,17,44.8,34.9,22.8,408.1
40.5,7.4,26,21.9,15.4,328.2
36.1,5.8,28.3,29.4,22.7,434.5
40.6,11.9,36.4,28.5,23.9,517.8
35.2,9.6,32.3,32,19.5,392.3
39.4,18.3,49.6,19.7,22.7,453.7
36.7,16.4,33.5,35.8,22.7,392.2
38.3,12.1,25.6,21,18.3,314.8
39.6,18.6,40.6,28,21.6,427
37.9,5.5,33.8,27.5,22.6,491.9
33,9.3,26.6,19.4,17.6,266.6
33.6,10.3,24.7,19.6,14.2,232.5
38.6,6.5,11.2,17.8,15,229.7
31.2,8.4,24,18,14.9,239.9
32,8.9,24.9,17.2,15.6,232.4
30.6,7,24.8,15,15,267.7
31.8,10.3,31.2,21.4,18.3,369.2
35.2,9.2,29.1,24,17,295.3
33.6,9.5,33.7,22.5,18.5,343.9
34.4,4.6,16.8,13.3,14.7,162.8
38.5,10.5,29.2,22.5,15.3,219.8
29.7,9.5,29.1,19.5,16,351.3
37.8,7.4,26.1,25.6,16.6,343.5
38.2,5.6,30,22.8,19.5,276.7
32.1,9.7,34.4,23.4,18.6,328.5
33.9,12.4,28,18.5,16.6,353.6
33.7,10.9,34,25.4,18.4,343.2
35.9,4.9,26.7,23.2,20,325.4
39.2,5.7,23.9,18.7,17.3,256.6
31.2,9.7,36.5,23.1,19.3,314.5
33,6.6,29.2,23.6,17.4,298.3
34.2,7.8,28.5,24.1,17.7,286.9
37.1,10.2,37.3,27.7,19.3,379.1
36,6.9,31,26.8,18.7,323.5
31.5,9.2,35.3,20.2,16.6,355.6
33.1,8.5,32,26,19.3,323.8
33.5,9.3,30.3,28.7,19.9,331.7
24.4,9.9,28.1,18.3,16.1,450.9
34.9,12.1,30.8,26.3,19.2,312.8
36.2,8.7,32.1,23.3,17.4,342
36.3,13.7,39.8,25.8,20.2,312.2
34.2,9.3,37.9,27.4,18.1,349.2
34.7,9.9,38.5,24.6,18.4,305.2
30.5,4.9,18.9,17.2,14.7,190.6
31.3,9.6,31.4,25.4,16.5,330.3
38.2,7.7,36.6,27.2,18.7,327.4
41.1,11,32.4,16.6,18.3,214
37.9,10.4,30.6,26.4,20.4,282.7
36.8,7.6,25.2,17.3,17.2,263.4
36.8,6.6,27.3,25.6,17.7,249.7
38.1,10.5,34.4,21.4,18.3,251.6
38.9,6.8,30.4,22.3,17.9,263.9
34.1,7.4,25.8,18.5,15.9,280
28.2,7,25.8,15.2,15,240.8
38.3,8.3,24.9,20.4,17.1,313.6
38.5,7.5,31.3,20.6,18.9,258
34.1,8.7,29.9,20.3,17.3,288.6
38.3,7.7,35,21,21.1,287.9
35.9,4.1,29.1,17.2,14.8,140.6
41.7,3.6,18.1,16.1,25.1,442.8
39.4,12.6,33.3,28.1,23.2,343.6
40.3,6.8,26.7,21,23.2,375.4
39.1,6.3,29.1,25.3,19.6,374.9
42.2,7.8,29.5,23.5,22.6,420.1
32.9,8.3,24.6,19.7,19.5,339.8
37.9,6.9,37.8,23,21.6,390.4
37.8,7.2,23.4,20.5,21.4,305.8
39.1,14.2,34.4,27.7,22,330.3
35.4,8.1,32.3,17.4,16.2,338.2
36.7,8.5,28.2,21.6,23.1,349.6
40.7,10.2,26,18.5,19.8,300.7
40.5,6.1,19.2,16.7,23.4,431.7
37.4,14.1,37.8,21.2,23,347.6
38.8,7.2,27.4,33.2,23.1,377.6
38.8,9.8,31.5,22.9,21.1,449.4
37.8,6.1,30.6,25.2,18.6,359.9
39,6.4,29.3,17.8,21.2,380.3
37.4,11.3,29.2,26,20.6,301.2
37.4,11.4,38,27.8,19.1,295.8
36.8,6.1,27.4,21.1,20.5,385.4
35.6,7.8,33,25.4,18.2,317.8
32.9,8.2,21.4,20.7,22,337.3
38.3,12.6,31.8,32.8,18.7,373
39.7,7.9,30,19,20.3,324.4
39.8,7.3,29.4,22.4,18.8,350.3
37.4,5.6,32.8,22.4,21.4,365.2
30.6,9.9,30.7,22.2,16,274.3
37.7,8.5,36.2,29.5,20.8,336.2
38.4,9,31.2,33,20.8,405.1
38.5,13,28.6,32.6,21.2,429
35.6,5.7,31.1,20.1,19.3,371.6
34.5,11.8,32.8,23.9,20.1,329.4
31.2,8.9,27.4,20.1,16,329.7
37,9,28.3,30.6,20.8,395
38.3,8.7,25.5,23.4,21.4,312.1
30.8,6.8,32.8,19.7,17.4,309.4
37.8,16.7,28.6,24.5,19.6,358.9
37.8,9.3,26.7,20.8,21.1,290
34.9,6.4,26,15.9,13.9,250.8
39.5,8.5,31.9,28.6,20.4,405.7
38.4,6.1,30.4,23.2,19.3,395.2
36.7,11.5,28.6,20,19.4,296.2
37.9,8.7,30.2,23.9,24,321
38.3,4.8,29.4,27.6,20.8,363.7
38.1,6.1,25.5,23.7,21.8,377.9
38.7,6.6,25.3,21.7,22.1,389.7
34.4,8.9,31.4,21.9,17.9,331.3
38.5,6.3,30.8,23.6,19.3,349.8
40.7,9.9,35.3,25.8,19.2,418.2
38.2,9.2,32.5,23.7,19.1,375.2
39.6,6.3,30.4,23.1,20.3,403.6
38.1,7.4,23.9,18.3,20.3,317.9
37,12.9,31.6,30.5,18.9,416.9
40.1,7.1,26.6,20,17.2,297.6
33.1,9.2,27.8,14.1,15.8,251.7
35.6,11.7,38.1,32.6,19.7,435.2
30.9,8.6,34.3,20.1,15.8,248.3
38.2,10.9,35.3,25.8,21.4,380.5
33.3,7.6,24.6,19.2,14.5,251.5
37.2,12,32.1,25.2,20.7,359.2
36,17.5,29.4,25.5,23.2,338.5
37.5,6,34.4,24.8,20.1,356.7
36.9,10,30.3,24.9,20.6,368.4
35,12.6,35.4,25.1,19.3,334.9
33,11,36.6,22.9,17.9,392.1
34.5,7.8,32.6,18.5,15.8,289.5
31.1,10.1,31.4,21.3,16.3,324.5
37.3,16.8,36.1,26.7,19.7,337.9
38.2,11.5,24.5,20,20.1,370.4
35.6,10.2,35.6,25.8,19.8,388.3
38.8,13.5,24.5,31.2,22,420.1
38.8,9.9,25.7,21.6,19.4,354.5
39.5,7.1,27.9,22.1,21.4,334
37.4,9.4,27.5,19.3,18.5,313.7
38.4,6.8,33.6,20,19.3,345.7
38,10.4,31,24.8,21.6,341.1
37.5,16.4,37.8,27.6,20.3,450.3
37.7,6,24.8,21,20.6,329.2
37.3,7.8,36,29.6,19.5,326.1
34.9,11.2,38.8,21.7,18.2,337.6
36.7,6.3,25.2,21.5,17.1,320.5
38.9,13.7,29.3,22.7,21.9,314.9
38.9,6.1,26.5,16.1,18.8,359.6
38.9,8.9,22.5,18.1,20.4,374.1
36.4,9.8,34.6,21.4,19.5,350.5
35.1,9,36.3,31,18.8,363.6
36.1,9,34.2,20.5,18.8,330.4
39.3,8.5,25,19.8,21.1,351.3
38.9,11.7,25.9,24.7,20.7,395.6
39.2,6.9,30.9,24.5,20.6,326.9
39.5,5,23.5,20.8,21,360.6
39,9,38.1,22.2,19.2,309.4
36.3,8.2,29.9,24.6,18.6,324.3
38.4,10.9,43.4,27.4,22.7,365.1
38.2,8.7,28.6,18.8,19.7,336.5
37,16.5,37.8,28.4,19.1,407.2
39.2,18.6,28.8,22.3,21,390.6
37.9,13.5,35.5,23.5,19.2,374.1
33.9,9.1,33.8,20.8,15.7,312.6
37.3,9.5,29.4,23.5,20.1,359.9
35.7,9.6,30.4,19.3,16.8,332.8
36.6,7.2,34,24.2,22.4,377.8
37.8,10.3,33.4,30.9,20.9,349.5
35.9,9.7,33.9,27.7,22.4,360.9
36.3,12,35.3,27.5,19.5,361.6
38.8,13.6,36.3,27.9,24.3,384.9
39,17.1,34.3,30,23.6,387.5
37.2,15.7,35.3,31.5,23.8,384.9
35.9,11.9,38.1,25.6,20.7,394.3
39.3,15.2,32.2,31.2,25.3,405.6
38.9,7.9,34.8,33,24.7,361.2
39.8,11.8,41.9,28.4,23.3,358.4
37.5,13.4,36.7,27.8,25.2,432.9
38.9,13.1,37,27.8,23.4,435.5
36.3,10.2,34.3,29.4,23.4,462.1
38.7,14.1,37.2,28.4,21.2,351.5
40.1,10.6,32.4,34.3,27.1,374.9
35.3,9.1,31.7,21.8,20.5,362.5
37.4,12.2,31.8,25.6,21,346.8
37.8,11.3,38.4,27.6,23.1,322.6
38.4,8.6,38.2,26.9,23.7,368.2
38,8.4,35.8,25.9,22.3,370.5
36.9,7.2,36.1,29.7,24.8,296.7
33.9,10.4,34,22.7,22,323.1
35.1,10.5,31.6,24.7,20.2,316.2
39.9,11.9,29.6,25.5,24.1,367.6
33.1,8.5,26.2,20.5,16.5,347.7
40.7,5.6,31.2,20.7,19.9,301
38.4,7.5,40.1,29.3,21.7,267.1
38.8,15,35.1,29.2,23.3,271
36.4,9.8,37.8,26.8,22.3,382.4
38.1,16.7,34,32.2,23.5,441.7
37.5,14.7,36.8,32.5,22.4,312.2
36.7,6.4,30.3,27.6,26,369.4
37.8,8.8,31.5,23.9,21.9,337.5
37.2,10.2,33.8,29.6,22.2,354.6
36.7,6.4,30.8,19.2,22.3,334.3
35.3,11.7,33.6,27.4,22.6,390.1
36.3,10.4,33.8,27.3,22.2,332.6
40.8,13.3,39.3,26.3,26.8,457.6
37.8,10.1,35.2,27.7,22.6,318.2
38.2,7,35.5,28.3,23.4,378.2
38.4,13.6,36.6,30.2,23.5,360.6
39.4,13.5,39.8,37,24,370.3
32.1,7.8,25.3,17,14.1,244.7
35.1,9.8,38.2,22.4,18.5,284.9
34.5,11.2,31.3,21,17.4,309.3
38,10.6,30.5,26.8,23.7,358.7
36.9,12.7,34.6,33,23.7,425
37.2,13.6,38.4,25.6,22.4,326.7
37.9,11.5,35.8,28.7,25.1,359.1
37.4,8.4,35.5,25.6,21.6,411.4
39.1,16.4,33.8,25.2,26.2,321.2
36.6,10.5,32.7,23.7,23.1,399.2
37.8,15.5,42.1,33.3,25.8,379.3
33.5,9.1,32.5,24.3,21,345.6
36.1,10.4,34.5,28.1,21.6,348.2
36.3,9.2,34.8,25,28.4,339.5
36.3,13.5,37.5,28.5,24.9,415.7
37.3,11.1,32.2,28,23.3,359.9
38.1,17.4,39.9,30.4,24.6,339.7
33.4,11.8,32.8,26.4,21.8,347.1
37.6,11,42.6,31.5,22.8,368.7
38.9,8.2,45.2,37.9,24,368
37.3,8.4,38.4,35.7,26,352.1
30.4,7.8,25.5,21.3,18.8,303.6
36.9,11.2,28.3,27.7,22.2,426.2
38.3,13.5,38,27.2,23.9,383.8
36.7,9.4,36.7,25.9,22.9,340.9
39,6.5,28.7,24.2,21.7,275.3
40.6,10.8,34.2,24.7,25.6,374.2
39.9,15.6,32.3,23.1,25.4,382.5
35.4,9.8,33.2,22.4,20.5,326.6
39.1,7.9,34.5,21.6,23.6,403.6
35.8,15.1,30.6,27.9,21.9,336.8
40.4,10.8,34,26.5,24.1,387.8
37.4,11.1,31.4,33,22.2,375.6
39.4,6.4,30.1,22.7,24.9,370.4
34.5,9.8,34.4,25.4,20.3,334.9
37.6,10.1,33.6,26.4,26.7,394.4
38.6,14.8,37.1,28.2,23,330.2
38.8,15.3,33.1,26.6,25.6,460
36.6,7.7,29.6,26,21.4,333.2
39.9,20.6,40.7,35.5,26.6,356.1
30.8,9.4,30.1,24.2,18.5,277.9
38.5,13.9,37.4,19.9,20.9,344.4
38.8,5.7,28.1,20.5,23.4,361.7
38.6,9.7,34.1,23.4,22.4,338.2
39.8,10.6,37.8,33.2,25.1,392.2
37.6,15,35.3,31.7,23.8,450.3
36.7,10.3,32,28.6,22,326.1
38.9,12.3,30.1,31.8,21.8,352.8
36.8,11.4,30.9,28.8,20.3,320.2
39.3,12.4,29.7,22.3,18.6,322.1
38.9,7.5,36.9,22.8,18.2,393.9
40.1,6.7,32.6,17.6,17.9,298.5
36.5,6.6,39.1,21.4,17.5,357
36.4,8.3,35.7,26.1,18.7,327.7
38.5,6.7,35.5,30.9,18.1,339.7
37.2,7.9,37.3,21.7,17.2,311.6
39.7,10.5,32.4,22.6,18.7,391.3
39.5,8.2,35,21.9,17.4,332.8
37.5,7.3,40.2,25.5,19.2,385.2
38.1,7.8,29.4,23.5,18,324.4
38,6.6,37.1,28.7,19.4,267.3
31.4,6.6,29.5,17.6,13.6,274.8
37.4,12.7,34.8,27.5,19,400.4
39.3,9.1,27.3,20.3,15.3,319.9
38.1,7.2,36.2,27.6,17.8,334.6
38.5,7,35.6,21.7,18.9,320.6
38.2,13.4,40.5,27.6,17.7,306.9
38.7,6.5,37.3,28,18.2,274.5
37.3,6.7,35.8,24.1,16.1,295.9
38.7,4.1,34.1,18.2,16.6,357.6
38,12.6,36.7,24.2,18.5,299.5
38.9,6.5,32.3,22.1,17.9,338.5
38.6,6.4,32.4,27.9,17.8,333.4
38.6,10.6,40.1,27.4,16.7,340.5
36,11.9,35.1,21.8,17.4,249.1
36.4,7.8,37.8,24.6,17.2,291.3
37,5,30.8,20.6,17.4,286.4
39.8,6.9,34.2,25.1,18.8,540.8
39.1,9,31.7,20,20.1,465.6
37.4,6.1,27.1,23.3,18.2,317.7
38.6,8,37.3,21.5,17.8,279.6
37.8,11.6,42.8,22.1,18.3,371.4
37.1,8.4,33.5,27.3,16.1,317.4
35.8,8.6,32.8,29.2,16.9,214.1
39.9,5.8,37.3,25.7,18.9,368.1
36.4,9.6,42,25.7,19.8,341.6
39.3,7,32.8,21.2,17.6,394.3
39.1,7.3,37.2,27.4,17.2,336.1
38.4,7.3,33.6,22.7,16.6,332.8
33.1,7.9,28.4,19.7,15.8,226.4
39,9.1,34.5,19.3,19.6,382.4
37.1,17.7,37.3,27.3,20,361.9
36.1,9,37.8,24.6,19.6,411
37.9,8.6,40.6,21.4,16.7,346
34.5,9,34.7,26.2,19.9,308.7
39.1,7.2,39.2,27.8,18.5,367.6
39.2,6.4,40.2,22.7,18.1,416.2
39.9,12.8,44.2,31.1,19.4,397.7
37.3,9,36.3,22.2,18.9,316.5
35.8,8.8,31,21.5,17.5,320.2
35.6,7.3,35.1,19.6,14.8,317.5
35.9,8.1,38.4,26.8,17.8,317
37.9,9,33.4,24.1,17.4,351.8
36.5,6.4,40.9,23.5,16.7,293.5
37.1,7.7,34.5,18.2,16.5,361.3
39,8.4,30.9,20.9,17.8,442.4
39.1,5.9,41.1,26.9,18.2,298.4
37.4,10.3,34.7,26.7,18.8,352.7
37.7,9.6,31,25.7,19.8,372.9
37.7,7.6,34.5,22.3,18.4,317.4
37,11.9,36,25.3,20.4,354
36.1,6.7,37.2,22.6,16,304.2
37.8,10.6,38.4,25.9,18.2,384.7
39.1,7,43.3,26.5,18.7,348.7
38.6,13.8,48,27.1,18.3,354.1
36.8,7.2,33.7,21.9,15.2,364.9
37.8,7.4,41.5,21.5,16.9,369.1
35.7,7.2,35.7,25.2,17.5,377.7
38.6,8.8,33.6,19.4,18.6,538.2
35.9,8.9,37,18.8,17.4,327.7
39.2,8.8,34.7,26,18.7,326.5
37.3,12.3,38.3,23.9,18.7,282.2
36.1,7.6,30.5,12.2,16.6,382.6
27.9,7,27.4,16.8,13.6,277.7
38.4,6.8,35.1,24.5,18.6,305.7
38.7,6.5,38.6,23.2,19,313.5
38.3,11.2,38.6,23.9,20,422.7
34.6,8.6,33.3,20.8,17.8,294.9
36.8,11.4,37.4,31.3,19.7,301.3
38.8,11.8,36.7,23.9,19.4,362.1
35.8,6.9,29.6,24.1,19.3,409
34.7,8.3,35.4,22.5,16.1,330
36.5,10,36.2,26.9,17.8,469.1
38,6.3,38.3,18,18.2,390.4
37.9,10.7,32.2,18.4,20.6,423.3
35.6,7.4,40.2,26.5,18.4,302.8
33.3,8.6,33.4,18,17.3,318.2
36.1,6.5,34.3,21.1,16.3,318
36,10.4,33.7,21.2,16.8,328.8
29.4,8.7,29.3,17.2,13.8,250.4
38.1,7.6,33.3,25.9,18.8,390
39.2,6.8,32.9,16.4,19.7,409.2
37.8,13.1,31.5,20.7,20.9,446.6
32.9,8.7,36.8,15.1,15.7,327
37.3,9,32.3,21.3,18.5,295.6
39.6,18.5,49,25.6,20.9,396.6
36.4,4.7,31.5,23.5,14.9,264.2
37.6,13.2,31.9,23.6,18,324.6
38.2,14.9,39.2,31.7,19.8,367.2
38.7,8.8,34.5,21.6,20.1,342.7
34.4,10.4,37.6,28.6,20.8,345
38.3,7.6,30.5,26.3,20.5,456.2
38.3,11.5,37.5,26.9,19.9,341.8
38.3,11.8,37.2,25.8,21.2,383.5
38.1,10.9,40,32,19.7,385
34.7,9,36.6,25.6,18.1,338.2
38.2,8.7,42.4,19.4,18,346.7
40.1,6.7,35.3,27.9,20.9,402.1
38.6,12.3,40.3,30.5,21.5,508.2
39.8,9.5,34.9,22.1,16.9,266
37.2,8.9,36.3,23.8,16.7,374.2
37.4,10.1,31.6,26.2,17.2,305.4
37.4,7.9,38.5,24.7,19,349.9
37.6,10.7,41.5,25.1,17.9,358.8
38.9,7.1,28.3,21.1,16.2,426.4
37.6,11.2,39.5,28.7,20.4,373.2
34.5,10.3,31.4,25.9,19.7,418.8
40.9,7.9,35.8,32.1,18,309.5
36.1,8.8,40,28.2,20.2,308.9
36.6,8.6,35.7,26.2,20.1,349.1
28.7,7.6,28.3,16.7,14.8,269.1
39.1,9.3,35.3,21.4,19.2,368.5
42.2,18.2,32.6,26.4,19.6,384
31.4,6.8,30.7,25.4,17.4,273.2
36.3,10.5,40.3,29.9,19,311
32.7,8.4,38,27.8,19.4,240.9
32.6,10.8,31.6,27.8,19.6,352.1
36.6,7.3,33.3,23.3,19.6,347
25.9,13.5,39,23.7,19.9,482.8
38.4,10.3,32.4,24.3,17.6,296.8
39.7,11.9,32.2,28,17.4,319.5
34.2,8.8,35.9,25.1,18.1,355.6
35.5,9.3,31.8,29,18.8,250.3
37.3,12.3,34.1,25.9,16.9,295.2
39.3,8,34.7,28.2,19.2,356.9
35.3,20.1,39.2,24.4,20.9,341.2
39.4,12.4,33.5,26.7,19.6,369
35,8.3,30.2,22.6,16.7,327.2
36.7,7.9,33.1,26.4,21.2,280.3
38.1,13.2,38.5,24.3,16.3,342.5
37.5,12.1,37.8,23.7,19.6,346.8
37.2,8.5,34.7,18.2,18.4,312.9
42.6,7.8,31.6,21.8,19.9,350.1
33.7,7.2,26,16.4,12.5,244.5
35.5,9.9,38.1,21.6,21.4,270.3
37.5,11.7,30.8,30.4,16.9,441.2
37.5,9.1,35.2,24,17.1,378.6
39.1,11,37.8,30.4,21.4,440
39.2,10.2,34.5,25.7,17.8,249.9
34.8,10.6,35.2,24.1,18.4,338.5
38.9,4.7,31.4,19.2,17.7,298.5
40.2,11.8,39.9,28.6,21.8,356.6
36.9,13,32.6,27.9,17.8,263
32.4,7.5,38.6,22.1,17.7,335.6
34.5,9.1,30.3,21.8,17.2,294.5
38.1,7.5,40.9,24.5,17.7,305.5
36.9,8.9,37.7,23.9,18.6,281.4
37.6,13.4,36.9,30.9,18.6,344.7
35.5,8.7,31.8,26.7,16.9,294.2
38.3,8.7,30,22.6,17.4,339.4
38.4,10.6,39.2,29.8,22.1,475.5
39.6,10.1,33.8,22.7,18.6,347.1
37.6,11,34.1,29.5,18.2,438.1
37.2,6.4,33.8,27.4,17.6,270.4
37.7,13.6,37.3,29.6,19.7,414.3
39.8,7.4,33.7,20.9,17.9,277.4
37.3,6.8,29.8,27.1,19.9,295.9
37.9,11.5,42.3,28.4,20.1,319.8
39.8,9.3,33.9,27.7,17.6,308.2
38.1,9.9,34.2,30.8,18,292.2
37.8,11.2,40.7,29,19.8,337.2
38.9,8.6,36.7,30.3,18.5,294.5
32.1,9.8,35.3,25.1,17.2,310.1
35.4,8.2,32,24.3,18,380.8
39.4,5.8,21.7,19.3,16.4,297.4
35.2,9.7,34.9,24.6,19.6,308.1
40.2,4.4,35.4,27.7,16.4,360.4
36.4,10.4,38.6,25.4,18.3,307.9
24.6,7.2,26.7,17.1,15.7,279.4
37.6,10.5,34.4,23.1,18.3,284.7
39.7,5.1,34,32.3,18,311.2
39.2,10.7,33.4,27.4,18.1,335.9
36,9,34.5,27.6,18.4,282.7
36.1,8.8,36.8,26.9,17.4,246.2
35.8,10.6,32.7,24.3,18.4,333.3
33.4,6.9,36.8,21.6,20.1,352.7
37.5,9.9,36.9,22.2,18.8,329.9
38.8,5.1,24,23.6,17.8,285.9
36.1,15,39.9,29.5,18.8,275.4
40.5,4.5,37.1,26,18.2,299.1
38.3,7.9,33.2,20.2,18.6,322.5
36,6,34.5,26.4,17.2,329.4
36,12.7,39.2,26.1,20.1,300.8
36.3,12.7,42.4,29.7,19.4,362.1
34.2,7.3,34.2,23.6,17.2,274.8
38.3,8.3,33.9,27.9,16.9,274.1
37.3,7.9,33.8,22.5,16.9,306
37.9,9.1,25.6,21.4,15.7,262.9
38.1,7.2,32.6,24.9,17.7,308.6
35.6,7.1,35.6,24.4,16.3,286
40,16.7,41.4,32.2,21.7,393.2
40.4,12.2,35.5,20.6,22.8,369
34.8,13.3,39.3,32.6,23.3,366.7
41.6,14.4,38.2,34.1,23.1,456.4
41.6,12.7,35.4,27.4,23.5,504.9
36.5,8.4,34.1,28.6,19.8,415.4
41.5,7.3,28.7,28.2,25.6,361.7
32.5,13.2,36.8,31.2,24.8,487.6
42.1,9.3,38,26.3,24.7,532.8
41.3,8.8,35.5,28.7,27.3,578.4
40,9.6,33.9,33.8,24,370.2
39.6,17.8,37.2,29.7,24.2,384.2
43.8,12.9,28.2,37,24.5,448.8
39.4,16.4,39.2,35.2,24,495.6
42.6,15,39.7,31.4,23.6,392
41.5,6.7,32.3,37.4,21.7,384.7
39.3,12.6,31,29.4,20.2,354.3
41.8,13.7,34.2,29.1,23.6,458.7
40.3,8.1,35.6,26.2,21.5,371.1
40.4,9.2,39.2,33,25.4,433.3
41.7,9.2,36.6,32.3,21.3,523.2
37.8,12.4,39.9,31.1,24.5,370.1
41,7.2,38.3,27.9,26.6,449
40.7,12,39.8,32.7,25.3,421.4
40.6,11.3,36.5,38.3,26.8,365.1
37.9,13.9,41.1,29.5,21.8,360.7
40.5,13,36.7,36.9,26.7,384.1
39.9,9.2,33.5,26.8,23.4,373.6
38.2,14.9,24.5,23.5,22.2,349
41.7,10.3,29.6,23.1,25.4,355.1
38.1,14.2,36.1,26.2,22.7,302.2
41.4,10.1,35.1,29.1,26.8,374.9
43.4,12,29.5,30.7,27.2,296.2
39.1,9.5,39,23.6,22.8,423.4
42.6,9.4,37.7,33.9,28.5,401.4
43.3,9.9,35.7,20.1,25.6,449.2
39.3,11.7,29.5,26.6,21.5,388.9
42,12.6,39.5,23.2,25.5,367.9
43.2,13.7,35.1,32.6,29.8,490.7
33.4,10.6,28.3,22.4,17.4,276.8
38.2,8.9,38.5,22.4,19.1,404.1
41.2,6.8,31.3,24.3,23.8,325
40.7,10.3,43.4,33.5,27.4,377.2
41.9,10.3,35.6,26.1,26,421.3
40,11.4,34.2,21.9,23.7,405.9
35.2,11.1,39.9,30.5,22,316.3
40.7,8.9,30.1,29.5,27.3,419.5
42.8,17.9,42.5,37.9,29.3,597.3
36,11.1,31.6,24,22.5,347
36.7,7,34.3,26.4,21.3,274.4
40,8.2,38.9,29.9,25.6,342.3
40.8,13.9,38.5,30.8,25.9,473.3
41.5,16.1,33.1,28,26.9,357.6
39.5,9.3,36.9,33,24.3,424.5
42.4,16,37.7,31.7,33.2,545.6
35.1,8.1,36.3,22.9,20.3,355.3
40.5,10.1,36.7,40.7,26.3,335.8
38,12.2,33.9,24.5,22.2,344.2
40.7,6.7,28.2,29.2,23.2,369.3
42.3,9.3,34,30.3,27.5,429.2
41.9,15.2,35.1,30.8,26.8,455.7
38.7,11.4,33.8,34,26.9,496.1
40.3,11.9,36.5,33.2,24.8,488.9
38,9.3,38.4,27.4,21.5,337.8
41.5,13.7,35.1,27.3,28.1,442
41,12.2,31.2,39.6,26.2,456.7
42.6,12.7,39,32.6,23.2,399.9
42.2,9.9,35.8,30.8,26.2,447.6
42.1,12.6,34.5,37.2,25.6,423.5
35.5,7.3,35.3,25.9,20.1,415.4
36.8,10.8,33.7,19.9,20.7,333.2
38.8,7.8,38.9,27.8,23.3,447.8
37.7,12.8,35.1,24.7,20.6,346.1
39.6,7.7,39.3,35.3,23.2,418.2
34.8,7.8,27.7,24.2,21.3,369.1
40,14.4,37,25.8,22.7,355.7
42.5,14.7,41.7,34.6,26.5,373.6
39.1,12.5,35.6,34.1,26.2,602
38.4,6.3,30.6,21.1,18.7,322.5
41.5,12,45.8,38,27.7,468
43.1,15,38.5,33.2,31.5,569.9
41.1,13.4,39.8,33.4,23.8,512.5
43.4,15.7,39.7,35.5,30.7,780.2
41.6,14.7,42.2,36.6,26.6,439.3
42.2,11.4,37.3,33.6,33.6,556
42.8,9.1,39.5,26.2,29.4,385.4
40.2,9.9,39.5,26.6,26.9,425
43.6,15.5,40.6,37.9,27.9,562.4
43.1,17.6,39.8,33.1,31.2,632.4
41.8,16.6,43.2,35.9,25.6,409
43.5,19,43.3,38.9,27.8,434.2
42.9,11.3,37.1,34,29.5,445.8
41.3,15.5,44.8,31.4,29.5,422.2
43.8,13.5,41.8,37.6,31.3,485
42.8,13.2,40.7,29.4,29.4,544.2
42.9,16.9,38.3,36.1,29,455.2
42.3,16.9,39,30.7,29.3,533.7
40.6,16.6,40.7,34.9,29.2,478.8
42.3,17.9,41.5,30.3,26.2,332.5
40.4,9,35.5,31.4,29.2,348.5
44,11.8,46.5,26.2,29.9,606.9
41.5,13.5,43.3,34.8,28.6,776.8
41.7,15.1,39.8,35.6,28.2,474.7
40.3,16.3,29.4,24.8,26.5,555.6
35.7,9.5,36.4,30,24.2,377.7
45.4,9.6,37.7,37.8,32.2,669.7
35.5,11,36.6,22,18.1,290.3
40.2,8.1,34.9,28.5,25.1,380.5
35.7,9.9,34.5,24.4,19.1,315.3
40.1,11.8,26.5,26.5,26.9,416.7
38.8,12.5,30.3,28.4,26.6,416.2
39.2,12.4,34.4,32.7,25.6,393.2
41.1,12.2,40.3,31,22.3,400.1
40.1,9.3,31.9,33.8,24.2,447.3
40.6,10.3,33.2,20.4,24.8,321
35.7,10.8,35,24.3,20.3,305.4
41.7,11.5,43.2,36.7,28.9,461.2
39.5,10.1,35.3,31.6,23.8,454.6
35,7,22.3,18.5,16.4,295.7
41,8.8,32.2,25.6,25,406.7
39.7,9.4,33,28,25.1,395.6
43.6,12.1,24.8,30.6,25,464.5
40.4,8.8,38.1,32.8,25.3,411.6
40.5,14.2,43,28.4,25.2,380.6
37.4,11.9,42.4,28.1,21.9,329
39.1,12,40.3,30.7,26.8,487.3
37.7,12.7,28,32,26.4,465.9
35.4,12.6,35,24.6,20.2,357.4
40.1,18.1,36,26.5,26.5,402.9
40.5,10.2,45.4,35,27.4,553.2
39.3,13,37.6,32.5,24,502.2
36.9,10.9,35.5,28.2,22.2,587.9
41.1,10.7,42.3,27.7,27.5,658.2
39.3,7.2,38.7,22.9,23.6,512.2
40.2,8.8,37.7,36.4,26.2,667.2
40.1,16.9,42.9,35.3,27.4,593.7
36.4,11.9,34.1,26.7,18.7,413
39.1,16.4,38.2,25.2,25.3,569.7
39.2,16.5,36.5,33.9,28.9,507.9
38.5,15.5,45,39.9,26.1,420.2
38.9,13.2,41,27.1,24.7,517.1
38,15.6,37.9,23.6,23.7,361.9
37.7,12,33,24,19.5,351.9
39.7,10.9,38.7,30.5,24.5,472.3
34.2,10.6,29,24.2,21.2,384.2
38.5,12.6,37,29.1,24.8,388.3
39.5,13,39.9,30.1,26.3,456.5
36.7,8.5,37.9,31.7,24.8,409.6
37.9,11.2,36.4,27.7,24.8,426.5
34.5,10.7,30.5,21.8,19.9,338.9
37.5,15.3,37.3,27.7,22.3,340.6
40,14,34.9,29,22.6,457.6
38.1,14.8,39.6,29.7,23.9,575.3
41.2,9,28,32.9,25.3,367.2
40.8,13,51,31.9,24.3,414.4
36.6,11.9,41.4,30.7,26.5,335.4
36.7,12,41.3,26,19.4,392.8
40.8,9.4,26.2,36,25.2,417.8
37.7,8.9,42.2,35.7,22.4,416.8
36.6,11.1,47,31.8,21.5,488.6
40.3,12.9,36.8,30.7,27,507.6
38.2,10.3,33.9,30.9,25.3,470.4
39.9,13.9,42.9,34,24.9,460.3
37.9,10.4,29.3,20.5,18.5,313.6
37.1,11,40.2,32.8,23.6,457
45.9,10.5,36.7,31.9,29.5,707.7
38,10.7,41.4,28.1,26.1,400.6
38.3,10.3,41,36.2,23.4,513.2
33.1,13.8,37.6,26.7,23.7,585.4
41,16.2,43.4,31.6,27.5,476.5
35.8,10.4,34,26.4,22.1,339.5
37.8,8.4,29.6,22.1,22.9,337.3
40.4,15.4,43.8,32.3,25.5,535.8
41.2,18.2,46.2,25.3,26.3,380.9
35.1,9.3,35.1,27.7,19.7,377.2
40.1,24.1,39.3,32.7,27.1,368.9
40.4,21.3,47,19.4,33.6,506.2
41.1,18.2,40.8,36.2,26.5,820.8
41.2,10.8,36.9,29.7,25.8,444.9
32.2,11.8,33.7,34.9,19.7,289.9
38.4,21.9,38.8,28.4,30.1,616.4
41.7,10.5,43.3,31.6,26.3,579
36.2,13.2,42.7,30.2,23.3,348.5
40.2,12.4,36.7,24,26.4,577.1
41.5,17.8,38.2,34.6,23.3,301.9
41.2,10.6,35.5,30.6,25.5,433.3
41.2,17.8,42.1,30.3,26.4,542.6
38.1,10.4,33.5,21.6,20.9,321.3
33.7,7.1,23,14.3,13.8,249.5
37.3,8.1,31.6,21.1,20.8,296.1
39.4,6,28.5,15.7,16.6,294.6
38.6,6.9,25.1,17.6,16.5,270.5
38.6,8.5,32.5,21.8,20.4,276.6
36.8,7.1,23.4,17.3,16.8,267
38.3,8.9,30.6,17.8,18.2,305.1
37.1,7.8,29.5,19.3,16,254.1
42.9,11.7,37.4,28.1,20.9,283.5
38.3,7.1,32.6,19.8,18,287
37.7,7.6,26.7,17.3,16.8,272.3
37.8,10.4,34.1,22,20.7,319.2
41.2,9.6,36.9,23.9,22.1,326.3
40.5,9.7,33.3,25,24.4,335.4
40.7,8.7,34.4,25.2,22.4,332
35.2,11.1,36.5,22.9,16.6,321.8
35.3,14.9,42,31.9,20.2,539.7
41.1,9.3,36.3,24.8,14.6,337.3
36,11.8,34.7,27.3,18.7,411.3
32.5,9.2,30.6,19.9,13.8,304.6
32.6,10,31.3,22.5,14.6,349.4
35,10,30.8,20.3,14.5,319
38.3,12.4,40.7,29.3,20.6,384.4
36.8,7.7,30.3,22.3,14.4,311.5
36.6,9.7,35.5,26.1,18.2,400.8
34,10.8,39.5,24.3,15.1,321.1
39,16.1,40.6,31.1,19.3,381.5
34.7,8.5,30.1,19.8,14.2,282.3
38.5,10.4,35.3,24.5,17,453.1
35,9.5,31.3,23.1,16,326.7
32.8,6.9,25.7,15.2,9.1,227.3
38.7,9.8,30.2,25.3,15.1,340.8
35.2,7.3,21.6,15.7,9.1,190.9
32,12.3,37.4,22.7,13.1,327
37.7,7.7,27.6,20.3,15.6,299.4
40.5,8.1,29.8,18.7,13.7,298.4
37.3,12.7,36.8,26.5,18.8,373.3
35.7,11.8,35.5,24.9,17.4,465.3
31.6,12.8,35.3,25.3,21.4,436.5
39,7.3,22.4,15.3,13.9,256
35.6,8.3,26.7,18,17,281.5
35.4,8.3,28.2,23.4,18.8,272.2
36.7,5.5,28.1,17.5,14.2,230.2
35.4,8.1,25.9,18.4,14.4,260.7
36.3,8.4,28,19.2,17.2,276.3
35.4,8.8,30.4,25.1,17.8,290.9
30.8,6.1,21.4,16.2,14.2,270.9
30.5,6.4,21.1,16.9,12.1,225.8
32.9,5.6,25,19.3,13.3,236.2
34.4,7,24.2,17.1,12.8,225
35.8,9.5,26.8,21.7,15.8,261.2
30.1,8.8,21.9,19.4,15.9,216.3
33.6,8,27.8,21.4,17.2,270.8
36.1,7.5,31.8,19.8,20.4,317.8
41.7,14.3,38,24.6,23.3,451.9
38.6,13.4,33.8,27.8,20.9,340
37.9,7.7,35.2,24.3,20.2,447.6
39.6,13.2,32.7,26.3,18.7,301.8
37.3,9.4,34.2,20.9,20.7,421.4
37.9,8.1,38.7,23.6,23.8,369.1
36.2,12.8,36.9,26.3,21,385.6
39.3,12.8,35.9,24.7,20.4,369.2
42,14.9,36.4,27.1,24.7,448
34.4,11.2,34.2,20.3,17.4,299.2
35.3,8.4,33.8,20,17.8,342.9
37.4,11.3,35.3,25.6,22.6,428.8
42.6,9.5,44.5,24.5,23,454.9
35.9,8.9,45.7,22.2,22.9,422.9
37.4,8.2,34.8,21.7,23.1,421.6
41.4,9.9,38.4,23.3,20.7,429.4
31.2,9.4,31.4,20,17.5,308.7
35.6,11.9,36.3,26.4,23,338
42,10.9,33.6,24.9,22.2,441.4
30,9.1,36.6,19.5,21.2,387.2
39,10,34.5,24,21.4,416.5
33.1,9.8,30.6,19,18.2,320.9
31.7,8.3,29.9,18.7,17.8,337.2
43.7,6.5,27.2,31.1,26.2,342.1
38.1,6.9,32.9,20.3,21,398.7
37.2,10.8,38.6,25.2,20.3,451.3
35.7,6.9,28.8,19.3,16.7,364.3
36.2,9.9,31.6,23.2,21.5,372.7
39.6,10.5,30.4,18.1,20.1,315.3
39.1,11.2,33.5,24.5,20.3,335.7
35.1,6.7,37.4,24.1,21.7,388
36,8.1,36.4,20.8,18.2,299.6
40.1,14.4,38.3,24.4,23.6,380.9
36.4,9.2,38.1,24.4,20.1,393.8
37,12.1,41.9,25.5,24.7,345.2
37.8,12.4,36.5,23.7,23.8,329.1
37.4,10.7,32.4,24.8,22.5,339.8
35.4,7.8,24.6,18.2,15.1,357.1
40,12,38.2,22.4,22.5,334.6
41.9,9.9,42.5,31.2,23.5,431.5
39.8,11.5,37.9,21.2,24.7,349.3
32.7,8.1,26.2,18.1,16.4,281.4
45.3,10,40.7,33.7,21.9,423.6
35.6,10.4,39.6,23.8,20.4,357.5
38.4,8.7,33.6,25.2,22.2,435.3
37.4,16.8,34.5,25.7,23.2,366.2
39.3,10.8,33.9,26.7,22.9,431.4
37.4,8.7,38.9,26.8,20.5,397.9
38.8,8.8,32.9,27.4,22.5,410
37.7,13.9,36,29.6,21.5,376.4
30.9,7.4,25.5,15.1,13.9,317
36.2,10.8,34.4,26,23.5,489.3
38.6,10.9,32.4,27.9,23.3,315.8
44.3,6.3,32.6,18.8,20.2,448.1
40,9.4,36.2,24.9,22,334.5
39.9,9.8,34.6,22.4,21.7,435
41.7,6.8,31.7,25.6,19.8,309.9
38.5,12.7,30.2,21.2,24.3,319.5
39.9,10,37,13.9,17.8,293
41,10.3,29.9,24.7,20.8,371.3
36.1,9,43.3,30.9,23.3,317.8
42,9.7,32.5,20.3,21.5,373.1
40.8,11.3,35.4,20.4,21.2,373
39.6,7.3,23.5,15.5,19.2,280.2
37.5,5.6,26,17.1,18.3,343.4
40.1,10.2,29.9,23.2,22.5,352.2
34.6,5.5,28,16.9,18.3,310.8
34.4,7.6,25.6,17.9,19.2,324.9
43,7.5,28.7,24.3,20.8,330.6
39.7,14.8,34.5,27.3,25.1,403.4
44.2,12.8,32,18.1,16.7,304.1
40,7.2,27.6,14.1,14.7,296.8
38.4,6,31.5,16.8,23.9,311.2
41.2,11.8,44.2,31.6,21.9,307.7
34.6,7.5,33.7,17.4,18.5,319.5
40.3,8.2,32.8,24.5,20.8,394.5
43.9,14.9,33.6,19.2,22.2,418.1
45.3,7.1,32.6,22.1,20.3,349.8
43.1,8.6,31.2,23.8,23.1,425.4
38.5,8.1,32.8,22.2,20.4,354.9
43.1,9,30,25.1,20.4,412.8
42.7,4.3,27.3,22,23.3,328.1
26.4,8.3,34.2,22.2,17.8,258.3
32.5,9,35,23.4,18.5,217.1
34.9,10.7,38,25.1,17.8,318.9
34.4,8,36.2,26.4,18.9,316.4
33.7,10.3,34.8,23.7,18.1,300.7
31.5,8.3,32.9,17.6,17.8,244.3
34.6,9.8,30.3,20.6,18,275
30.6,8,32.8,25.7,18.1,241.7
34.4,10.4,33.2,19.5,18.2,287.1
35.1,4.5,39.7,20,17.3,253.4
30.6,7.4,29.7,19.2,16.5,236.8
32.6,10.7,33.7,24.9,20.6,266.1
33.8,7.2,33.4,23.3,18.5,272.3
33.6,10.5,33.8,29.3,19.9,258.3
33,6.4,31.8,27.2,17.1,301
32.1,7.8,37.2,25.4,19.1,214.1
34.2,9.8,32.7,25.1,18.8,283.9
33.7,6.3,31.9,25.5,19,249.6
31.8,9.4,34.5,22.3,20.2,257.7
29.6,10.4,29.9,20.1,20.3,233.5
36,8.1,38.5,20.9,18.6,318.5
28,7.7,25.6,15.4,12.9,188.3
35.2,8.5,33.6,24.4,20.3,233.2
33.5,14.3,33.9,24.5,19.9,237.2
28.6,7.4,28.7,18.5,16.5,244.2
35.4,8.7,30.6,25.7,22.6,289
33.1,7,28.4,20.8,19.9,228.4
32.5,7.6,33.8,22.4,16.9,266.3
34.6,8.6,33,30.2,18.3,274.6
35.7,7.6,31.7,22.8,18.1,247.2
34.5,10.9,35.7,21.5,18.8,260.4
32.5,8.3,28.6,20.2,18,224.5
35.3,9,34.4,18.1,17.7,306.1
35.9,7.6,32.9,25.1,19.3,260.1
34.6,10.3,37.4,20.4,17,275.9
36.1,9.3,26.9,19.2,19.2,299.2
31.7,8.6,38.8,25.2,18.7,247.4
35.1,11.6,38.5,29.7,28,306.2
33.9,8.7,42.7,27,18.8,297.9
32.9,8.6,36.8,18.7,17.5,256
33.2,8,29.8,23.9,21.1,212.1
33.2,5.8,36.5,22.4,19.1,248.9
33.9,8.2,32.7,22.5,17,318.4
32.6,7.9,31.9,20.9,19.4,285.4
32.3,7.8,38,26,17.6,307.4
33.6,4,31.3,18.5,17.4,222
33.3,11.2,33,20.2,18.8,306
33.1,10.2,36.8,24.1,19.2,232.5
32.4,9.5,36.2,23.9,18.7,318.4
29.6,7.9,31.9,17.8,17.9,208.4
29,7.4,29.9,20.9,17.3,198.7
29,8.2,30.5,18.5,16.3,275.5
34.9,11.4,39.7,27.1,19.6,253.8
33.9,8.8,37.9,23.7,19.5,215.3
35.3,10.3,31.3,26.9,17.7,377.8
34.4,8,38.8,29.8,20.6,262.8
32.8,10.4,32.9,31.4,18,371.9
29.1,7.9,32.3,19,15.9,221.5
33.5,9.7,38.5,24.8,19.5,250.7
30.5,8.7,40.8,21.8,17.7,288.2
32.9,3.8,29.5,21.9,18.7,295.2
34.4,8.1,36.6,21.5,18.5,289.4
31,6.5,33.3,19,16.8,299.5
32.2,6,31.7,22.2,16.8,292.9
33,8.1,33,24.1,19.2,275
30.5,7,26.8,16.5,14.6,283.7
30.1,6.1,27.7,17.6,16.6,219.5
32.3,8.7,32.7,19.6,17.6,276.9
33.5,7.6,39.6,22.1,17,282.4
32.1,7.9,30.2,27.5,19.2,273.5
29,8.9,29,23.5,16.9,279.7
38.4,7.8,29.7,23.9,18.7,271.1
29.9,7.7,30.5,19,18.3,184.2
31.5,9.8,32.6,21.2,20.6,278.3
30.8,7.4,27,20.8,18.4,257.4
34.7,7.7,24.9,18,15.3,191.7
29.9,7.2,30.4,17.3,14.5,198.2
28.4,6.4,22.6,15.7,13.2,195.9
31.4,9,34,22.6,19,239.7
34.6,11,31.2,26.9,21,265.5
34.9,5.9,28.2,22.1,15.8,245.1
33,11,30.4,24.4,23.1,244.6
34.1,9.6,37.6,28,21.4,272.9
29,7.8,28.1,19.3,15.9,214.8
30.3,7.4,28.1,19.4,19.4,258.2
28,7.8,29,18.3,14.9,195.1
29.7,7.2,26.1,15.7,13.6,192.7
41.6,13.3,38,28.1,24.4,346.4
42.5,14,40.5,40.1,22.7,504.5
37.8,17.5,47.8,38.4,24.5,647.3
41.7,12.2,33.3,22.4,22.1,549.2
39.9,17.3,43.3,40.9,22.1,452.6
40.5,11,40,31.7,23.5,537.7
35.6,10.9,34.4,27.6,20.9,397.1
41.6,12.3,35,35.2,22.3,400.9
38.9,15.7,37.7,26,23.1,600.2
37.2,13.5,47,29.8,23.2,515.9
40.7,10.1,34.7,26.1,20,396.2
37.3,9.6,35,27.1,21.6,525.5
38.9,12.9,35.2,25.1,19.5,399.7
41.7,18.1,47.7,32,22.6,482.6
41.2,14.7,50.6,35.5,27.9,421.9
43.3,10.1,41.9,31.5,23,390.2
40.7,15.9,39.8,35.5,22.8,438.2
36.2,12.4,35.9,25.3,17.9,325.8
41.3,11.7,35.1,36.2,22.5,469.3
39.2,13.5,38.7,31.1,21.9,467.9
41.4,12.5,38.5,28.4,25.7,447.4
41.7,14.1,40.6,31.5,21.5,442.5
41.9,11.9,39.5,33.3,24.2,436.5
40.3,13,37,33.2,24.8,472
40.7,15.9,50.3,30.8,24.6,493.9
41.7,12.1,41,27.7,22.3,364.9
38.7,13,37.3,26.9,23,453.9
41.8,19.4,42,29.3,24.2,478.5
40,21.6,47.9,39,22,464.8
41.4,10.5,49.4,33.6,29.2,524.7
41.6,15.4,38.6,30.2,24,500.5
40.9,14.3,43,29.7,22.4,443.7
41.3,16.8,43,37.7,25.3,410.7
39.7,13.2,40,31.1,24.6,464.3
42.1,16.6,37.6,38,24.3,454.3
42.2,13,28.6,31.6,21.3,427.8
40.7,16.1,44.1,32.1,24.4,444.2
42.6,21.6,43.3,33.9,22.2,480.1
40.4,14.8,50.5,30.9,21.6,396
39.6,18.8,42.9,34.2,24.2,466.3
36.5,12.7,37.7,25.8,18.4,413.5
40.8,12.9,44.6,29.6,22.7,504.7
35.9,12.6,40.5,30.1,19.4,433.3
40.7,18.8,50.5,40.2,28,503.2
41.8,13.6,53.1,27.6,27.8,578.2
41.1,11,21.5,18.4,29.9,411.3
39.7,16.4,35.2,30.3,23.1,505
40.8,16.4,43.7,24,24.3,440.5
32.4,12.9,33,22.5,17.3,417.5
37.1,10.5,37.3,29.4,21.1,538.2
39.3,20.6,49.4,34.5,25.7,395.2
37.5,11.9,33,27.6,20.9,376.1
38.1,15.3,41.1,32.4,26.1,671.8
38.3,15.6,36.7,25.7,20.8,449.1
35.1,8.3,36.7,22.1,14.3,406.7
38.7,16.8,45.2,36.1,22,407.3
41,14.8,38.4,34.2,22.5,392
41.6,12.7,37.7,27.1,21.9,518.1
40.1,14.6,40.7,32.3,26.8,704.4
38.8,12.5,36.1,27.1,23.1,427.8
39.8,10.9,49.8,31,24.7,585.3
30.5,11,36.5,23.4,18.4,375.7
39.1,15.2,43.5,39.1,24.1,598.8
39,15.1,38.4,32.4,23,375.7
41.1,15.6,37.8,36.7,24.6,519.8
41.6,14.8,34.3,38,27.3,520.6
37.5,10.6,38.1,27.8,16.9,315.4
39.5,23.1,49.9,31.9,26.1,425.6
42.5,11.8,41.6,45.5,26.1,465.4
37.4,24.1,53.5,30.8,26.4,449
38.2,14.5,42.1,33.2,27.8,380
38,11.8,42.4,27.9,21.3,500.4
39.7,21.6,41,44.2,24.7,485.7
43.3,19,38.1,39.1,24,625
37.4,14,44,38,23,732.7
40.6,9,36.7,28.4,23.1,458.6
38.2,15.8,37.8,30.1,20.6,411.6
38.3,15.8,43.3,33.9,23.9,443.7
41.5,10,37.8,23.9,23.1,535.8
42.2,15.9,43.7,37,23,443.6
41.5,18.3,42.1,37.5,21.7,684.8
38.1,11.2,42.5,31.5,25.9,367.9
38.5,6.8,28.5,18,19.5,343.7
40.9,11.6,37.2,15.1,19.2,303.1
40.2,11,40,32.4,23.4,461.8
39.8,10.8,28.6,27.1,23.3,421.2
39,13,37.8,23.6,23.2,366.7
35.2,12.5,39.1,33.4,22.6,394.8
39.8,10.4,35.1,30.8,22.8,353.1
36.9,8.3,36.5,26.3,19.9,317
41.8,5.6,32.1,22.7,23.9,403.6
36.1,9.9,33.1,23.4,19,291.5
37.3,11.1,33.7,29.5,21.5,365.8
42.2,9.3,36,25.4,24.1,427.2
39.8,6.4,40.6,31.3,23.6,399.5
35.9,8.5,34.9,31.2,24.6,381.2
38.9,13.8,31.7,29.4,22.3,340.2
41.3,14.8,36.2,34.4,23.8,405.1
41.2,19,32.5,26.7,23.2,452.5
41.1,8.6,30.8,25.5,20.6,309.6
34.5,10.1,31.3,22.6,20.7,335.1
34.6,9.5,37,25.7,22.7,450.9
32.1,9.9,32.9,29.5,19,374.5
38.3,9.6,33.4,26.8,21.1,378.8
39.4,14.2,31.4,27.7,24.2,445.5
38.9,8,33.9,20.7,27,362.9
38.2,9.2,30,29.1,22.2,448.2
32.3,8.6,36.2,24.2,19,332.6
33.1,10.6,27.1,22,15.5,275.1
38.5,11,31.8,25.1,22.2,362.2
43.3,8.2,35.9,23.9,22.9,390.8
39.5,7.2,29.9,26.6,22.6,383.5
41.5,17,30.2,22.5,20.8,360.1
44.5,10.2,34.2,26.7,21.4,336.5
40.8,12.1,37.7,30.2,25.6,448.6
40.2,13.2,38.4,37,25.5,445.5
42.7,8,23.6,23,20,301.7
35.4,11.1,32.6,23.2,18.6,405.3
40.4,5.3,30.7,31.4,24.1,442.5
36.2,12.7,33.8,22.9,20,317.9
41.1,14.7,39.6,27,25.8,568.4
40.9,4.5,31.1,23.1,24.7,365.5
42.1,7.9,25.1,25.1,24.9,345.5
43.2,8.9,30.6,26.7,25.7,445
41.9,15.4,42.3,40.9,28,570.9
35.3,10.7,31,22.7,19.5,388.9
45.9,8.4,30.4,21.1,22.9,323.6
40.1,15.6,35.4,30.6,24.5,402
41.5,7.9,37.6,27.1,25,593
36.3,10.5,32.8,21.9,21,385.8
39.5,10.3,33.9,28.3,24.2,428.5
40.4,15.4,34.2,27.5,23.4,426.5
40.7,11,39.1,32.4,22.6,379.1
39.1,5.1,38.5,30.4,23.3,370
40,15.7,39.2,40.5,28.5,549.4
40.9,15.4,33.4,40.4,27.1,495.8
42.4,9,30.2,28.2,25.5,422.4
45.1,5.7,28.9,30.5,25.6,351.5
39.8,16.1,34.7,34,27.3,683.8
37.8,7.6,35.3,18.4,22.4,389
35.8,7,35.2,24.1,20.1,311
37.8,8.7,36.6,23.1,21.8,393
28.6,10,33.5,26.1,20.3,370.5
42.2,9.4,32.5,23.9,25.3,442.6
41.9,16.1,34.7,31.6,27.3,445.1
39.3,6.2,30,20,21.6,378.8
36.6,10.3,41,30.7,25.1,421.8
38.6,13.3,37.2,34.8,24.6,488.6
42.5,6.8,28.8,25.7,26.9,410.6
40.2,14.4,39.3,33.6,24.3,467.8
43.4,8.1,28.9,26.2,20.6,417.8
39.1,11.3,29.6,32,21.7,520.1
41.2,11.7,38.1,33.4,24.8,422.2
39.8,8.6,31,33.8,27.5,536.8
43.4,9.3,32.9,27.2,28.4,409.8
38.7,11.4,33.1,24.4,25,410.6
41.7,8.3,29.3,24.9,27,482.5
33,7.8,29.2,29.2,19.2,312
37.6,10.7,33.7,29,23.8,338
30.5,7.6,28.3,18.9,17.5,284.9
35.7,14.1,36.2,23.9,20.9,340
40.2,21.3,32.9,22.4,22.9,391.3
41.7,10.3,36.7,25.6,20.6,361.7
40.6,10.5,31.3,26.9,22.9,402
36.1,10.1,40.6,19.5,19.7,310.7
37,6.2,33.6,26.5,21,411.5
37.1,9.7,36.6,33.5,21.2,379.2
40,7.9,30.8,22.1,20.3,352.3
39.3,11.4,32.8,28.1,21.3,382.1
37.4,6,32.7,20.1,21.2,375.8
41.2,11.3,33.2,34.5,21.7,358.4
37.3,11.2,39.5,24.9,22.1,412.1
36.7,14.8,35.2,25.7,23.7,337.9
40.7,11.1,29.3,31,22.6,464.9
37.4,13.9,36.9,25.1,21.9,311.1
40.1,8.5,34.6,30.6,21.9,428.9
37.9,13.4,35.6,31.9,22.4,365.2
40.8,8.2,22.7,25,20.4,366.1
36.4,7.8,37.3,26.6,22.6,351.6
40.4,14.8,37.7,27.7,22.8,356.1
40.7,5.2,19.8,23.2,24.7,509.7
43.1,3.6,27.9,27.3,25.5,394.7
36.8,12.2,23.2,22.4,20.4,309.5
38.3,13.1,41,28.1,23.5,404.8
38,12.9,40.8,27.1,23.6,389.7
42.1,8.1,31.2,32.4,21.7,306.4
39.7,4.4,27.2,23.4,21.7,312.7
37.2,10.7,39,32.1,23.7,442.2
34.8,8.7,31.7,19.6,16.7,289.2
33.8,8.9,28.3,20.8,15.4,348.7
37.7,11.3,37.2,30.6,22.2,398.3
40.2,7.9,35.2,25.1,23.8,317.1
39.3,10.9,29.8,35.8,26.3,328.7
40.4,11.5,27.5,21.4,22,410.2
39.7,11.3,29.7,29.5,22.5,380.8
37.9,7.9,32,23.5,22,309.1
34,12.6,35.2,28.4,24.3,421.1
32.4,5.4,27,18.7,16.7,304.6
31.2,16.3,39.2,24.2,28.5,353.7
31.7,13.2,39.3,26,26.5,430.7
34.5,7.4,29.6,21.1,17.8,284.7
34.5,5,25,20.8,16,259.7
35.5,8.6,23.8,19.4,18,314.1
31.5,8.5,30.8,22.9,19.4,282.8
34.6,9.6,31.4,24.1,20.7,298
33.3,8.6,29.6,20.9,18.3,331.4
34.6,11.5,27.2,22.7,16.7,352.8
32.9,9.1,37.6,26.5,17.6,202.3
36.9,12.3,25.8,29.1,22,411.9
31.9,6.7,38.6,24.3,19,296.4
35,8.9,33.1,25.9,18,361.4
32.3,6.4,24.6,18.8,18.5,301.2
25.3,5.3,19.1,13.1,14.7,258.5
34.1,8.3,37.3,26.1,18.5,342.3
31.7,15,37.8,30.3,33.4,313.4
36.8,6.3,26.6,26.2,17.7,328.8
36.6,10.2,26.1,15.2,17,313
31.8,10.1,39.7,27.3,22.8,493.5
33.9,6.2,25.9,20,16.3,366.8
36.1,9.1,34.9,18.8,17,301.6
34.5,9,31.2,21.5,21.2,306.1
32.3,7.4,26.5,19.5,16.2,284
34.1,10.5,37.1,21.9,21.7,315.5
38.5,6.3,26.2,18,19.8,284
34.7,7,30.8,24.7,17.7,287.3
36.4,5.7,22.9,20.3,16,246.7
37.3,9,29,20.2,17.9,272.6
39.1,7.5,30.4,23.1,20.7,331.8
29,6.2,21.4,17.7,16.5,314.8
36.9,6.6,30.8,26.5,22.1,334.7
31.8,6.3,21.6,21.9,18.1,252.2
35.5,6.2,23.3,17.1,15.7,359.2
35.8,7.6,36,31.3,20.1,377.1
34.1,12.6,32.3,22.4,20.7,305.6
35.8,6.4,23.4,24.1,17.4,324.8
33.8,8.1,26.9,27.1,21.5,330.5
36.8,7.8,29.2,22.1,17.3,258.3
35.4,5.3,28.5,21.1,17.8,306.3
30.1,7.6,33.8,27.7,19,305.2
31.2,18.4,38.9,29.2,31.1,496.8
32.9,12.2,34,24.3,23.7,334.7
39.3,8.5,24.5,28.7,21.7,296.7
34.3,7.2,35.1,30.5,17.2,249.8
32.5,8.8,26.6,22.5,20.2,455.7
35.2,9.6,28.7,20.5,16.9,289.8
34.3,7.3,27.9,23.8,16.3,250.5
34.4,6.3,26.9,19.7,18.3,289.3
33.1,6.1,30.1,25.8,22.8,343.2
37.2,11.2,31.9,23.2,17.7,336.4
33.8,10.7,33.5,29,18.7,394
37.3,5.8,31.7,20.5,21.4,334.7
35.6,8.8,30.8,17.2,20.2,274.7
31.1,7.6,28,21.9,18.8,329.6
34.6,10.8,37.2,25.9,16.1,298.3
38.9,8.3,34.9,20.7,16.2,303.5
35.6,5.1,32.8,20.3,14.8,273.1
37.6,9.5,30.6,16.7,15.4,276.6
36.9,5.1,33.5,22.9,14.7,317.1
35.8,8.4,36.4,26.5,15.5,314.1
35.9,10.1,34.8,23.2,17.4,333.3
38.6,6.9,37.1,24.1,15.2,381.8
38.5,7.6,41.4,25,17.3,297.4
30.7,9.4,32.6,21.5,14.4,293.5
38.9,8.1,36.6,31.5,17.1,315.3
35.2,8.4,32.2,22,16.7,276
34,10,43.3,24.6,16,277.9
36.2,5.9,38,21.2,14,297.7
36.7,6,35.6,22.7,15.3,263.1
37.6,6,30.1,30.5,17.2,282.4
33.9,8.5,32.9,21.1,15.3,291.5
36.7,7.9,38.5,26.2,16.8,332.6
33.5,7.1,36.8,25.9,17.6,283.5
35.9,7,39.4,24.2,14.6,309.5
37.4,7.9,36.7,25.6,16.4,291.5
33.5,10.4,37.4,32.4,16.4,276.8
29.7,6.3,28.8,20.6,13.7,314.6
33.9,10.6,34,24.8,17.2,287.8
38,6.3,30.9,24.7,17.1,261
36.8,7.5,35.4,30.4,15.6,345.3
35.7,9.4,34.6,28.4,17.3,262.3
32.3,9.3,31.1,20.8,17.6,257.1
38,4.9,35.1,26.9,17.8,288.2
36.9,10.7,36.1,23.6,15.9,293
39,7.6,36.1,27,16,302
35.9,6.2,39.4,27.4,14.9,287.4
38.5,8.4,36.4,26.9,16.1,297.2
34.7,9.7,37.9,25.9,17.5,280.5
39.1,7.4,25.6,25.1,14.7,333.6
37.6,7.3,30.4,25,13.8,318
36.5,6.1,26.5,18.5,13.6,297.3
39,4.9,32.4,33.6,17,340.4
36.4,8.4,40.9,29.7,14.8,286.8
32.3,10,37.1,26.9,15.8,284.1
35,8.4,31.3,22.7,14.7,276.3
38.8,9.9,29.7,23,15.7,309.8
39.6,7.7,28.2,21.8,16.4,268.2
38.8,11.5,39.6,27.5,16.5,307.2
36.3,7.6,33.3,26.1,15,307.7
38.7,5.9,27.4,19.2,14.1,284.3
36.1,9.3,38.6,26.6,15.9,282.8
37.7,6.9,36.2,26.3,16.7,344.9
35.2,6.8,34.3,29.8,18.4,272
34.9,7.6,35.8,19.9,15.8,293.8
37.6,6.5,32.1,25.8,16.3,243.6
37.8,9.9,26.5,24.1,14.2,296.5
37.9,8.4,40,28.8,17.8,264.9
36.4,8.8,34.9,26,14.8,305.5
31,8.1,29.9,17.2,15.7,271.8
36,10.5,40.6,25.3,17.4,267
36.7,8,36.3,26,15.8,282
38.7,7,31.3,25.1,14.4,333.5
38.6,8.6,22,27.3,15.9,257.7
34.4,8.8,32.6,25.5,16.6,330.4
36.7,12.1,41.8,29,16.4,289
35.9,13.7,35.5,28.2,16.6,353.5
37.3,11.4,36,29.2,16.6,297.8
34.1,8.5,35.7,25.4,15.9,272.7
38.2,5.6,35.6,28.9,15.8,333.1
35.8,10.5,39.1,27.1,15.4,276.6
40,4.8,35.6,22.9,16.5,276.2
35.4,6.8,23.7,20.8,13.6,258.5
34.7,8.8,37.7,23.5,14.8,293.1
34.5,8.9,30.8,26.2,15.4,279.2
32.3,7.9,35.6,20.4,14.2,305.1
36.7,7.1,34.3,26.7,15.5,290.5
35.5,8.8,33.3,21.7,16.6,305.9
37.3,7.1,38.7,26.7,17.3,283.3
38.3,9.7,38.4,30.5,14.8,358.5
32.8,10.8,36.9,29.2,16.9,321.6
30.7,9.1,34.1,19.8,14.2,255.1
35.8,10.4,36.3,20.1,16.5,266
35.3,10.3,34.4,24.2,16.4,279
32.2,7.2,34.1,21.7,14.5,276.5
38.3,10.2,29.2,26.8,17,350.9
38.3,7.4,35.6,22.3,14.9,287.8
39,4.7,22.5,27.8,14.6,287.7
34.7,6.7,33.7,23.7,16.2,289.6
38.1,7.1,32.8,19.7,15.1,367.4
37.1,6.7,27.3,19.5,15.2,303.1
32.7,18.2,47.4,28.7,26.1,416.3
37.5,8.8,31.8,21.1,15.9,301.5
34.4,8.5,32.1,20.6,14.5,245.1
30.9,8.3,36.8,20.6,13.6,298.1
38,8.1,34.8,28.3,16.4,323.2
37.9,8.1,25.9,30.1,16.2,286.1
34.2,9.7,40,24.6,14.3,290.4
35.1,10,31.9,26.2,19.5,408.2
33,10,27.1,22.9,17.9,386.3
38.4,5.8,25.7,18.1,15,253.8
32.6,8.9,28.1,23.3,21.9,331.7
42.1,4.3,24.3,31.4,20.5,426.9
36.9,5.8,24.4,22.9,19.4,403.3
33.7,7.4,32,17.8,20.8,351.9
35,12.9,30,19.3,21.6,393.6
37.3,8.5,28,27.9,19,344.7
38.1,9.2,33.6,21.7,20.4,369
39.4,14.8,38.5,28.8,22,368
40.5,10.7,34,24.1,21.2,475.3
34.7,7.1,38.9,27.1,21.3,361.3
40.6,7,27.5,21.7,16,332.8
35.1,7,23.5,17.2,16.6,356.8
35.5,14.5,30.9,23.1,20.8,327.9
37.6,9.3,31,18.6,18.8,423
35.7,8.3,28.3,20,15.6,299.3
39.9,8.2,28.7,21.4,15.4,270
32.5,7.8,31.3,19.4,15.8,275.2
33.7,6.5,24.7,17.8,14.2,284.4
32.5,8.5,28.2,21.2,15.7,279.5
33.1,7.4,27.6,18.7,16.3,283.3
34.2,7.2,26.6,17.2,13.6,278.6
32.4,9.9,31.5,23,16.5,289.7
35.3,7.6,33.4,23.7,16.8,280.5
40.8,12.1,37.1,24.2,18.2,318.5
37.7,11.1,31.7,30.9,17,386.4
34.6,7.3,21.6,23.6,12.5,257.9
36.2,10.3,29.3,23.7,15.1,327.3
34.3,11.9,32.2,28.4,17.5,355.3
39.8,8.6,28,26.6,16.1,388.8
36.1,11.5,36.3,31.1,22.3,426.2
33.1,10.7,29,29,15.8,312.3
34.6,9.8,32.3,28.2,16.3,384.9
36.1,5.7,22,17.5,12.2,252.3
34.1,9.2,26.9,25.5,14.5,309.5
33.7,9.8,25.3,25.2,12.9,289.7
34.9,7.2,27,22.9,13.9,307.9
33.3,6.7,21.7,20.3,11.7,275
39.4,8.1,27.7,28.9,16.3,393.9
34.7,8.3,26.4,27.3,15.5,304.7
37.5,13.1,38.6,31.2,19.4,433.7
32.5,6.1,23.1,19.9,11.6,256.7
36.7,7.3,25.7,23.8,14.2,339
33.8,7,25.2,25.6,15.1,285.6
36,7.9,31.1,26.1,16.1,335.2
32.2,7.9,24.3,29,15.7,281.8
41.9,5.3,26.7,21.1,16.5,320.6
34.8,13.8,34.1,28.7,24.7,307
31.8,8.9,26.6,15.7,14.8,264.1
36.2,7,29.8,17.3,15,335.5
37.3,7.5,26.6,20.6,17.3,349.3
37.5,9.4,35,30.8,19.9,414.1
30.2,18.8,38.3,26.2,27.3,270.7
32.7,7.5,28.3,14.4,15.7,277.8
31.6,12.5,34.9,22,23,260.9
40.6,8.9,29.5,23.2,18.4,368.4
36.6,10.6,31.4,22.2,20,315.7
33.2,9.7,34.3,23.7,17.8,309.5
32.4,6.5,23.7,14.9,14.8,309.6
34.6,9.2,33.5,24.9,19.4,475.3
38.9,10.3,28.1,26.3,16.8,222.5
31.3,8.8,31.7,29.4,19.1,361.2
39,18.1,35.6,24.7,18.1,415.1
32.4,11.2,36.3,24.4,17.4,388.4
34.5,6,39.9,27.9,15.2,321.1
39.7,6.1,28.3,26.7,14.4,239.4
32.3,12.2,33.4,28.1,18.8,390
38.3,7.6,24.2,20.3,15.9,288.6
30.8,5.5,22.9,10.2,9.3,214.2
40.4,10.5,27.1,19.9,14.6,218.4
32.6,9.4,31.5,22.3,19.6,322.3
39.4,7.2,27.8,24.7,18.9,395.6
34.1,8.2,28.9,19.1,17,286.8
30.8,8.6,31.3,29.4,17.7,370
37.2,11.3,31.5,22.6,15.7,254.9
34,4.8,16.3,12,13.5,209.9
37.8,5.1,16.2,11,15.6,206.9
36.6,10,33.8,24,19,313.7
34.2,11,33.7,24,18.6,296.3
35.1,9.3,36.6,26.3,20.3,324
34.7,8.9,30.2,21.7,20,326
38,11.8,38.7,26.6,22.3,385.6
35.6,9.7,33.6,23.5,21.5,342.7
36.9,10.5,33.6,24.9,22,366.1
35.4,10.6,34.9,28.9,22.4,407.7
37.2,11,39.6,22.3,21.5,446.7
32.8,10.5,34.1,24.6,19.6,315.2
37.5,7.6,31.6,24.6,20.5,373
33,9.7,29,22.7,17.9,330.7
34.8,12,39.1,24.8,22.6,315.8
37.5,11.8,35.7,26,22.9,355.9
35.2,11.1,33.9,29.8,21.5,330.4
37.8,8.9,31.2,24.5,21.8,350.9
41.4,8.9,29.7,17.4,18.6,315.2
36.6,9,33.6,24.7,23.3,342.8
30.9,10.9,36.2,25.1,19.8,351.6
36.6,12,35.9,27.2,20.8,344.4
33.5,11.1,36.7,23.5,19.7,280
34.6,9,31.5,21.4,18.8,264
33.5,8.1,30.7,19.9,17.3,255.4
36.4,10.4,35.3,27.6,21.6,362.8
33.9,11.8,32.1,26.5,21.4,405.8
34.1,12.2,33.8,23.6,19.4,335.2
32.9,10,31.3,20.4,16.4,285.9
34.5,8.7,31.3,20.3,16.9,257.3
33.3,8.3,28.4,26,16.8,306.1
36.2,13.5,36.7,31,23.6,364.1
34.8,9.5,36.2,24.6,22.6,346.7
35.3,7.6,28.8,21.3,17.8,323.1
34.1,9.8,28.6,24.6,18.2,470.3
36.4,10.2,35.3,27.4,20.2,346.4
35.3,9.7,35.2,24.1,20.6,311.1
37.1,9,31.7,24.5,20.4,311.9
35.5,11.2,38.5,28.5,22.6,292.7
37.1,11.3,34.7,24.4,19.7,347
36.5,9.6,36.1,28,23.1,329.4
37.3,9.6,31.4,22.5,19.9,305.9
27.7,6.5,23.2,14.7,14.8,253.1
35,7.9,29.4,19,17.1,319.8
37.1,11,37.4,29.3,21.7,288.7
35.5,10,37.6,25.4,22.2,329.7
36.8,11.3,31.1,27.3,17,279.5
31.6,8.8,27.4,19.2,15.5,319.5
33.7,12.4,28.4,29.8,18.1,398.9
37,7.3,25.8,20.8,18.6,318.4
33.7,8.1,27.7,19.4,14.9,332.8
35.9,8.6,29.9,22,17.4,282.3
31.2,9.5,23.8,23.9,15.4,406
34.3,7,23.6,19.4,11.5,361
29.7,6.6,15.7,16.8,12,267.3
33.2,5.6,22.8,18.8,14.3,313.5
34.1,10.2,24.1,27.4,14,353.6
33.4,8.8,29.7,20.5,19.7,337.6
34.7,7.4,22.8,23.7,13.8,286.2
32.1,7.6,27.2,17.1,17,279.3
32.8,10.2,31.4,20.8,16.5,341.5
34.8,7.7,25.5,20.8,14.3,332.2
36.3,7.5,30,20.8,19.4,294.7
36.9,11.7,35.6,24.7,23.4,352.8
34,6.7,21.2,18.8,12.1,279.1
33.2,10,35.8,27,20.7,314.1
41.8,8.8,31.4,28.6,20,354.5
39.7,15.1,38.3,26.2,23,314.4
42.8,9.7,30.4,21.2,22.9,313.1
41.9,10.6,25.9,28.8,20.2,307.8
38.9,10.1,24.4,28.3,21.5,340.3
35.5,7,24,16.7,17.3,293
39.3,6.6,36.2,23.6,22.2,322.5
39.5,13.8,38.1,28.3,23.8,350.8
36.6,10.8,31.6,25,19.6,309.7
42.6,3.5,26.7,28.5,19.7,318.5
38.2,12.3,36.9,27.1,22.7,383.9
36,9.5,28.4,26.8,22,338.9
41.5,4.8,40.6,22.4,23.6,333.9
39,8.7,33.1,22.7,19.2,316.6
38.3,8.4,29.4,20.3,16.8,274
36.6,10.2,35.1,21.4,18.8,299.3
35.1,9,28.6,27.8,19.6,295.4
38,7.8,31.6,20.9,21,284
39.7,9.8,39.8,27.9,22.5,313
42.2,11.4,31.7,21.1,18.2,289.3
39.2,5.4,32.1,22.2,20.1,336.7
33.5,8.3,28.7,17.8,15.3,244
40.9,9.3,28.7,18.3,20.3,403.9
42,11.1,32.9,24,15.7,293.5
40.5,11.9,32.4,23.9,22.2,353.4
40.8,9.1,29,29.3,22.4,310.9
38.4,10.9,28,21.7,26,376.8
41.8,9.6,25,26.6,17.9,258.4
32.8,7.4,20.8,16.8,18,283.8
40.4,13.9,38.7,28.4,23,323.3
39.7,9.6,33.7,20.8,22,313.3
41.5,12.3,25,23.9,21.4,312
36.9,9.2,37,22.6,20,328.5
37.7,11.6,40.7,36.6,24.1,404.9
39.9,7.3,44.3,28.8,20.1,334.5
39.6,19,45.5,29.6,22.8,346.5
40,19.6,49.1,29.6,23.4,370.3
41.6,10.2,31,22.4,17.1,258.6
34.1,11.2,33.4,26.2,18.8,297.4
36.7,8.7,35.5,22.2,19.8,359.9
40.4,11.1,33.9,21.7,17.8,328
39.6,12.4,22.8,14.5,22.1,359.9
39.1,8.7,26.6,17.5,15.5,216.8
40.6,13.5,45.2,23.5,20.6,358.3
39.3,16.9,45.2,30.5,24.8,454.8
35.5,11.7,30.3,19.8,18.3,337.8
31,12.3,32.1,24.8,19.1,344.8
36.5,8.8,29.4,24.2,19.5,365.2
38.1,9.1,28.1,21.3,16.6,266.2
37.1,13.6,35.7,24.4,21.2,326.5
38.9,9.4,37.3,23,19.1,281
40.2,13.7,35.1,33.2,24.4,325.8
32.1,7.2,28.3,18.4,15.3,237.4
38.9,16.7,40,30.5,24.1,389.5
35.4,10.1,33.5,23.3,18.1,278.7
37.2,10,40.6,25.8,20.6,315.2
38.6,12.7,48.1,33.9,20.2,352.7
36.9,10.2,36.4,31.7,20.5,281.3
37.8,13.5,29,26.2,24.7,333.7
34.3,10.1,34.5,20.1,18,260.6
40,20.2,42.1,30.2,24.5,364.6
34.9,14.6,34.7,24.8,20.6,320.7
37.4,22.4,48.2,41,22.3,325.9
33.3,12.9,36.5,32.2,23.1,353.6
39.1,16.6,33.8,33.2,23,312.3
36,11.4,34.4,25.1,20.4,319.3
40.8,24.7,41.7,23.7,23.2,328.4
36.3,9.4,35,24.5,20.5,302.2
39.6,12.8,37.3,27,22.9,446.9
41.3,18.4,39.1,20.4,22.1,389.6
39.3,19.6,32.8,31.4,22.3,326.5
37.8,6.1,26.2,23.4,16.6,243.9
37.3,13.6,37.6,25,19.7,375.3
35.2,6.4,28.5,22.3,19,253.4
41.4,18.6,40.1,34.6,22.9,322.3
27.8,10.8,29.3,21.7,19.4,344.4
32.6,6.9,21.7,15.3,14.3,204.1
42,16.6,37.7,30.9,19.6,330.7
36,11,42.2,28.1,20.3,443.6
37.6,13.4,28.4,28,20,300.5
41.8,9.1,33.5,26.9,20.3,386.5
38.8,9.5,33.4,27,21.3,327.3
32.4,10.5,39.2,24.9,18.7,331.4
39.3,10.1,31.6,23.9,21.8,369.5
38.4,21.2,38.2,33.7,24.7,441.2
38.1,14.2,38.8,36.7,29.1,444.5
39.8,13.1,37.7,24,21.8,361
37.5,9.7,37.1,22.7,20.4,377.4
39,15.8,38.6,28.6,23.2,341.8
38.2,17.4,46.4,27.8,25.8,432.8
38.1,8.6,27.4,28.7,21.2,383.5
39.7,13.5,35,26.2,21.2,325.5
40.1,17,24.2,31.8,25,362.6
34.4,8.6,34.8,20.8,17,242.2
38.8,16,28.5,37.9,23.5,371.7
32,8.5,27.3,15.4,14.6,225.8
41,9.5,47,23.6,22,355.1
41.9,14.9,40.4,32,22.9,371.1
37.5,14.5,39.6,27.9,21.3,386.4
37.6,9.3,32.9,32.6,21.5,368
38.9,9.2,31.4,19.4,16.4,320.6
36.8,7.6,34.9,21.8,17.1,238.6
37.4,12.5,42.3,33.6,31.3,332.3
36.4,3.9,29.8,24.5,17.8,270.8
37.8,8,36.2,24.1,18.5,349.4
36.2,7.8,22.6,33.3,17.7,280.9
37.5,5.5,34.1,22.5,18.8,236.1
35.1,7.9,31.4,19.4,15.8,258.5
31.7,8.1,33.1,19.4,17.7,231.4
40.2,10.9,32.1,24.8,16.8,287
35.5,10.7,36.3,23.4,17,295.1
39.4,4.8,33.2,21.3,18.9,249.8
35.3,11.6,37.7,22.1,20.2,292
39.4,6.9,33.9,30.3,19.4,323.4
40.2,7.4,27.9,21.3,18.5,238.1
37.6,8.3,41.6,28.7,16.5,299.2
39.2,6.5,29.6,20.5,17.1,291
29.5,9.7,32.1,22.4,18.1,307.6
41.4,10.8,30.1,28.1,18.5,279.1
39.5,10.9,35.2,18.7,17.1,284.8
38.4,7.9,29.1,20.2,20.3,266.2
39.8,5.5,37.6,24.4,20.7,244.4
41,5.1,32.5,21.9,18.5,260.2
39.7,7.3,33.8,25.8,18.5,208.9
36.9,7.8,34.1,29.4,19.2,282.3
40.5,5.8,25.3,28.2,18.1,335.9
30.5,7.7,33.4,25.9,21.1,326.3
38.8,8.2,34.2,25.8,18.1,341.5
37,10,35.4,21.4,17.9,264.3
32.2,8.2,32.4,21.1,18.5,283.2
31.5,12.7,38.8,29.7,22.6,545
39.2,7.4,41.7,27.6,17.2,322.1
37.9,6,30.7,27.6,18.6,263.3
37.2,10.3,40.5,27.2,19.2,266.7
38,10.7,40.4,24.5,19.1,306.9
36.4,10.2,33.6,26.6,18.4,316.1
38.4,10.9,32.6,21.4,18.8,277.2
37.5,6.6,30.1,26.4,18.6,270.1
33.4,8.4,36.8,26,17.8,290.5
35.1,15.8,45.3,32.1,32.9,496.1
37.4,9,33.9,28.8,18,275.8
42.2,6.3,35.9,35.2,19.5,253.9
32.7,24.1,35.9,34.7,36.6,517.4
38.1,4.2,28.1,17.7,17,271.5
32.5,6.7,36.4,20.8,20.1,266.2
37.1,11.7,40,30.3,16,261
35.5,7.3,32.7,23.1,18.8,278.7
39.7,8.4,30.7,33.4,19.3,305.7
35.9,11.1,39.1,17.6,17.2,262
37.4,7.7,34.7,24.6,19.5,306.2
31.8,9.2,34.5,25.4,18.3,254.9
39.6,7.7,34.4,20.4,17.7,284.1
29.5,9.7,38,24.1,20.2,335.9
38.2,14.3,35.9,36,29.1,424.5
35.8,11.7,35.8,25.6,23.2,415
36.5,11,35.8,30,21.9,376.8
37.8,12,37.4,28.6,26.2,433.6
30.6,11.9,35.3,23.3,21.8,357.1
35.6,8.7,34.7,28.5,21.7,418.7
37.7,13,34.9,29,22.5,458.3
38.2,10.2,31.6,29.5,23.7,397.9
34,10.9,32.1,22.6,20.6,327.1
39.6,12.1,41,30.8,23.6,397
36.3,10.2,35.7,33.4,22.5,356.7
37.6,11.7,36.6,28.1,24.6,403.2
35.2,11.3,38.1,27.6,21.8,323.9
35.9,8.7,35.7,26.1,22.8,392.6
38.2,14.5,36,28.7,25.8,389.4
37.9,9.8,38.2,30,25.8,389.9
37.6,9.1,33.6,29.3,23.6,405.9
33.3,9.4,31.7,23.6,20,398.6
36.9,11.1,37.4,29.1,22.7,422.7
35.8,11.5,38.7,31.4,21.8,331.4
31.6,8.1,29.1,17.2,15.2,293.2
37.3,10.4,33.9,27.1,20.7,375.4
34.1,11.7,36.7,24.8,20.8,347.1
36.8,11.7,35.6,33.2,26.5,508.2
30.3,10.1,30.2,22.5,19.3,339
35.5,7.2,32.2,24.9,20.7,356.9
39.3,16.2,40.7,30.6,25.2,416.2
36.4,7.6,25.5,15.5,17.3,268.4
33.1,11,30.6,21.1,17.6,325
38,10.2,35.6,29.5,25.5,423.7
33.5,10.8,30.2,22.6,19.5,348.1
33.9,9.8,35.9,25.5,19.4,327.4
34.9,14,37.6,35.2,23.4,404.7
39.4,11.3,37,26,25.2,441.3
36.1,9.7,34,25.8,21,372.3
37.5,11.5,35,28.8,26.1,365.8
36.9,13.1,39.9,32.8,25.2,394.8
35.4,6.7,26.8,22.3,28.1,366.8
36.3,9.3,40.9,25.1,25.1,391.3
38.8,16.7,42.9,33.4,26.5,463.8
39,12.4,38.2,34.4,24.7,479
35.6,9.9,33.1,24.7,21.4,371.4
35.1,8.6,27.4,20.6,20,360.2
38.5,16.6,40.5,35.4,25.9,439.9
35,10,33,22.6,20.2,341.7
36.4,5.9,38.6,29.9,24.2,406.6
35.8,13.2,35.4,24.6,19.6,308.3
35.7,11.2,36.9,26.5,23.1,434.5
35.2,11.7,32.9,26.3,23.5,367.5
37.1,11.6,33.1,30.5,21.6,454.2
36.7,10.3,38.5,29.1,25.4,401.8
34.7,8.4,27,20.6,17.2,301.3
39.1,15.9,40.7,38.3,26.9,412
34.8,9.4,34.1,26,21.2,530.7
36.7,10.6,35.7,23.9,21.1,389.9
39.6,11.8,35.9,29.4,24.9,353.3
34.5,11.2,35.5,25.7,21,372.3
39.8,14.3,35.3,26.5,26.3,331.4
36.8,15.5,38.8,30.6,24.5,360.9
37.9,11.5,37.2,31,24.4,368.3
41.6,9.5,39.5,30.3,23.5,257.6
39.2,9.1,39.1,25.8,19.2,370.5
37,10.6,40,27.8,22.8,327.9
35.7,8.2,38.8,33.4,27.4,468.1
34.1,15.3,34.6,27.6,23.2,399.8
38.1,16.7,42.3,32,26.6,464.7
32.6,9.7,27.9,24.1,19.8,408.1
37.9,7.9,36.1,23.9,23,373
34.2,7.9,37.3,21.2,18.3,354.6
36.8,11.9,35.6,30.3,24.4,393.9
37.3,13.3,38.5,30.8,25.8,387
35.5,11.5,34.5,25.5,22.4,365.5
37.3,13.5,38.4,32.8,28.3,499.8
35.4,11.2,38,26.5,23.6,455.5
35.1,8.8,33.8,25.4,23.2,369.4
36.1,11.2,36.6,26.6,22.7,351.1
35.3,10.1,31.3,25.2,22.4,360.6
36.1,11.2,39.1,26.4,25.2,417.1
36.8,8.3,34.6,24.5,23.2,368.5
31.2,8.3,34.5,23.1,19.7,350.4
37.4,13.4,40.5,27,22.6,357.5
39,10,41.6,32.3,30.2,397.2
33.1,9.4,27.5,20.6,16.3,310.1
39.2,11.9,35.9,28.1,23.6,311.7
34.7,12.5,32.5,22.3,21.4,365.4
36.9,9.1,37.5,25.6,23.2,360.5
31.8,12.2,35,23,19.1,388.8
36.1,12.6,34.3,22.2,22.7,391
41,18,43.3,20.6,31.1,576.2
40.4,7.1,39.9,28.9,20.5,419.8
41.4,9.7,31.5,29,25.1,504.1
41,10.4,32,23.4,18.9,452.4
37.5,12.6,34.3,25.7,21.3,465.9
41.9,11.3,35,29.8,21.9,437.6
39.4,11.1,33,29.2,23.5,422.1
38.3,13.3,43,30.6,24.5,466.8
35.2,10.8,35.3,24.2,18.6,346.8
38.8,10.9,36.2,36,21.9,472.5
37.9,17.6,42.6,31.7,24.8,499.7
43.9,17.1,33.6,41,26.9,524.2
43.9,9,27.1,25.6,19.1,356.6
35.2,9.9,35.5,21.5,17.3,346.7
41.7,9.7,28.7,25.6,25.2,615.8
34.9,11.8,32.9,27.8,21.2,398.8
41.2,9.9,33.2,36.3,23,401
41.6,12.6,32.8,33.6,25.5,539.4
37.3,10.2,35,24.4,22.5,477.2
35.2,9.7,39.4,30.6,19.9,463.9
43.6,11.7,32.3,30.5,22.9,472.8
41,9.4,33.3,26.6,21.1,463.9
42.5,6.5,35.3,21.2,21.7,420.6
37.5,9.1,35.6,28.6,20.2,426.2
39.8,15.3,32.3,31.1,25.1,479.7
39.4,9.8,33.8,28.2,20.5,409.2
40.3,8.6,29.8,24.8,18.5,414.2
39.1,6.8,25.7,27.1,24.5,459
40.8,11.7,26.6,16.4,20,434.8
40.4,4.3,24.6,25.9,19.4,455.1
42,7.1,30.2,27.7,25.5,606.7
40.8,13.9,36.4,34.2,26.6,567.7
36.9,7.6,38,23.2,19.7,433.9
42.9,10.1,42.4,24.4,24.1,473.1
40.6,13.1,39,24.1,24.3,412.1
40.2,10.1,40.3,30.3,21.9,451.4
38.9,12.9,37.4,32.3,20,375.5
43.2,16,33.4,26.6,22.8,483.7
42.3,10.7,37,31.8,23.3,452
41.9,13,39.8,33.9,26.4,551.2
41,11.7,38.4,28.3,22.3,446.1
38.4,12,33.9,25.1,18.9,374.3
40.1,11.5,26.9,29.1,22,396.4
37.4,10.5,36,30.3,19.2,403.7
42.2,12.8,38.5,36.8,25.9,519.1
43.4,13.4,33.9,32.4,24.5,610.4
41.4,10.6,43.3,27.8,19.8,443.2
42.6,13.3,42.7,23.9,22.2,406.7
40.9,11.7,37.9,30.6,25.3,495.4
41.2,11.1,33.2,29.2,22.3,483.6
40.3,13.9,40.5,28.6,25,658
40.3,13.5,39,25.9,20.4,408.2
40.7,27.9,42.7,32.2,24.5,471.4
41.2,13.5,58.9,42.3,27.8,563.7
36.6,10.8,32.6,25.5,18.4,424.4
39.7,10,34.9,31.1,24.7,579.1
40.7,7,36.9,23.8,23,397.5
39.7,12.5,37.3,26.9,26.1,587.3
41.7,21.7,41.9,32.8,23.5,512.7
32.4,10.9,32.7,21.6,19.1,393.3
43.2,11,34.6,25.6,25.4,594.7
38.7,12.4,35.3,31.1,21.9,481.4
38.4,14.7,36.5,29.9,23.7,481.3
43.1,7.3,31.3,34.6,24.9,538
41.8,8.9,29.7,23.6,21.2,435.1
37.9,10.2,35.5,27,20.8,466.2
40.5,13.4,33.4,30.9,24.9,568.4
41.5,11.1,34.3,33.8,27.3,562.8
41.2,12.7,37.3,27.7,21,481.2
36,9.3,30.3,29.3,20.4,494.6
41.8,19.1,46.3,42.8,22.4,431.5
36.5,10.1,30.5,26,18.8,473.4
38.8,16.9,37.5,28.3,21.6,411.5
39.5,13.6,35.8,29,19.9,492.5
40.4,7.9,34.2,28.4,20.4,475.2
35.6,9.5,40,33.5,17.9,450.2
37.4,10.5,31.6,31.1,21.2,467.3
30,5.5,21.7,13.8,13.2,223.2
32.4,7.9,27.6,15.1,16.3,229.3
36.9,7.1,31.6,19.4,17.1,267.1
35.8,10.9,33.6,21.4,19.8,283.3
39.1,10.6,38.6,23,19.8,335.4
39,10.6,32.6,20.7,19.1,242
41.1,7.9,36.7,23.5,16.7,343.7
34.4,6.9,25.4,14.4,15.7,232.8
38.7,9.6,33.8,19,20,272
39.8,9.5,31.6,23.6,17.1,250
33.8,8,29.4,18.4,16.7,249.2
36,8.9,26.7,14.8,19.4,236.7
36.3,16.9,36.9,24.3,20.8,279.8
39.1,9.3,32.2,20,20.7,256.5
36.5,9.5,30.1,21.8,20.3,299.8
39.5,7.6,36.5,20.4,20.6,289.8
34.4,8.4,28.5,15.7,16.2,259.8
38.8,8.5,36.6,22.2,17.7,254.2
35.1,8.5,34.5,20.7,18.1,317.6
33.2,10.1,34.8,17.9,17.8,239.6
30.7,8,23.9,14.2,16.4,259.7
33.3,10.1,35.2,18.1,16.7,225.5
37.9,6,34.9,25.9,17.5,269.3
38.3,6.2,38.4,25.9,17.2,239.1
35.5,6.9,28.1,22.2,18.6,252.1
28.2,8.1,28.8,14.2,13.3,215
41.9,10.4,26,22.8,18.3,279.1
33,11,34.7,22.8,16.9,267.8
40,5.3,23,17.9,17.9,288.9
38,12.4,31.7,24.4,19.5,294
36.1,8.5,40,22.4,21.1,352.6
37.9,9.7,30.3,22.9,19,327
35.9,13.3,36.9,19.2,19.9,272.7
34.2,11.9,35.4,23.9,20.3,271.5
35.6,10,40.2,18.2,18.2,289.8
38.9,10.2,26.6,20.9,16.9,288.7
35.5,9.1,30.7,20.8,18.4,339
34,7.8,28,18.5,17.6,371
38.1,12.5,43.5,32.1,21.7,351.8
36.8,9.7,35.8,22.2,19.2,384.7
38.1,9.5,30.4,24.7,21.7,341.6
35.2,9,33.9,21.5,18.9,328.3
35.7,8.6,32.2,23.2,22,440.1
37.3,13.4,40,30.2,20.9,359.5
35,9.4,27.7,16.5,15.3,262
34.8,8.1,32.8,16.6,16.9,340.5
37.2,13,28.9,24.6,21,359.1
40.3,6.9,25,20.6,21.2,353.2
37.4,7.3,33.3,22.2,21.3,334.1
29.2,8,24.1,18.3,16.8,287.4
33.6,7.7,21.6,13.4,14.3,282.2
36.3,8.2,32.4,22.1,21.4,370.4
36.8,13.9,42.8,28.2,22.5,357.7
34.8,7.9,38.9,16.5,20.9,386.7
35.1,12.4,36.1,32.7,19.6,346.9
37,13.7,39.3,20.3,21.9,366.8
35,9.8,26.2,19,16.7,327.7
35,9.1,33,22.7,19.4,333.7
32.3,8.3,26.8,17.3,17,320
38.5,11.3,31.8,18.8,20.1,337.7
36.4,8.2,33.1,22.6,19.8,321
37.5,10.7,36.6,26.3,22.2,453.1
36.3,8.8,29.3,20,24.2,349.4
36.2,10.9,32.9,23.9,19.9,307.4
38,13,26.6,22.6,22.3,357.7
35.6,18.9,35.4,29,22.1,432.1
36,19.7,32.1,24.6,21.1,292.2
35.3,8.7,27.4,22.1,20.6,346.9
37.9,13,33.7,30,22.3,341
37.9,18.2,30,17,22.7,337.3
36.5,9,28.9,21.9,19.9,420
33.5,9.3,32.9,20.2,18.5,283.7
37.5,13.3,37.1,28.6,20.8,409.4
35.6,10.4,37.5,21.6,19.3,365.3
33.5,8.7,31,16.3,17.8,285.3
36,10,32.7,27.4,20.2,391.3
34.2,8.7,38.9,20.3,20.6,312
37.5,8.5,35.4,19.6,22,395.9
36.5,8.6,36.7,22.6,20.7,409.3
38.3,12.2,35.1,21,23,309.2
34.3,8.8,32.7,23.3,19.1,358.4
33.3,6.6,25.3,17.5,13.6,284.3
35.9,6.6,32.5,30.5,18.7,278.6
33.3,9,31,26.2,17.6,297.6
37.7,10.3,39.1,26.4,21.8,399.1
36.6,6.3,29.3,21.8,21.7,326.7
31.6,11.1,28.9,23.3,21.6,397.1
37.5,7.8,29,26,17.2,294.1
39.5,9.1,33.6,21.8,21.8,285.4
37.1,11.8,36.7,23.2,21.6,477.3
35.8,10.9,35.2,22.2,21.1,308.5
37.3,10.9,40.4,28.7,22.1,356.5
39.7,10.8,28.2,23.4,20.8,363
39.4,10.6,36,27.6,21,334.6
37.3,10,34.3,22.1,21.6,323.9
33.9,7.5,29.8,19.3,18.9,264.5
38.2,11.7,36,24,22.3,394.8
38.5,8.1,33.9,18.3,20.4,330.1
36.5,11.4,38.3,21.1,18.1,331
38.3,8.7,29.7,24.1,19.7,374.8
37.3,9,30,20.3,17.9,348.8
36.7,10.3,31.3,28.7,21.1,399.3
34.6,10.7,30.3,19.9,19.9,280.2
32.9,6,22.9,18.1,13.2,277.2
33.4,9.2,30,22,17.8,321.7
31.9,6.7,24.9,18.1,13.7,230.9
32.5,9.7,29.3,24.8,17.2,321.3
33.5,7,25,17.5,14.5,287.2
41.2,13.6,36.3,25.9,20.8,338.5
40.1,11.2,37.1,27.3,18.1,338.3
39.9,19.5,36.8,29.1,24.8,429.8
37.9,13.4,35.4,27.3,19.1,380.5
39.9,18,40.2,35.7,19.9,385
40.8,15.3,40.9,30.1,21.8,383.2
38.6,6.4,25.4,16.3,14.5,186.9
41.4,11.7,45.1,33.5,18.7,325.2
39.6,14.1,44.4,36.4,22.2,510.8
40.5,13.8,42.7,33,23.1,410.6
40.5,14.8,40.6,34.8,21.3,452.7
40,16.5,38,31.7,19.4,312.7
41.6,17,45.6,34.2,21.6,398.1
36.7,9.8,29.3,23.3,16.6,289.5
37.4,10.8,36.7,27,20.2,324.8
38.7,15.7,39.7,36.2,22.4,355.9
40.1,15.7,36.8,24.2,22.5,291
39.1,12.3,32.7,24.2,17.7,323.1
39.7,13.4,36.2,30.3,22.6,332.3
36.8,10.6,31.5,23.3,18.6,308.6
45.3,13.3,38.7,27.9,18.9,284.3
39.9,12.6,35.6,31,20,325.5
42,11.2,33.9,20.9,18.9,343.3
39.5,14.8,41.9,28,19.9,320
35.7,10.7,30.3,21.5,18.4,393.3
31.5,11.7,34,23.3,16.3,336.9
40.2,15.2,38.7,31,20.1,324.5
37.1,11.1,34.7,27.2,19,338.7
41.1,13.2,46.7,31.4,21.6,428.2
36.9,10.5,31.5,22.8,18.1,263
35.2,12.8,37.6,24.2,17.1,257.8
33.6,10.3,28.4,19.6,14.1,254.6
40.5,14.5,37.2,32.5,23.6,487.8
41.1,14.5,41.5,29.9,21.5,331.4
42.5,15.1,36.5,30.6,20,558.8
40.8,16.3,41.1,31.7,25.8,478
35.3,10.4,33.3,23.4,16.9,272.6
39.9,14.6,39.5,31.2,19.6,424.8
40.9,14.1,38,26.1,17.2,323.5
40.8,10.7,33.2,24.7,18.1,323.5
38.8,13.7,37.3,25.9,19.6,313.6
40.2,15.4,40.3,35.4,23.4,527.8
42,17.5,40.8,33.7,21.6,490.9
40.9,15.3,42,34.2,24.6,656.8
37.4,13.1,40.3,28.3,20.1,309.9
42.3,19.6,45.7,33,20.3,311.3
32.3,20,31.4,19.4,16.9,319.8
32.9,7.8,36.5,18.5,19.7,317.2
31.5,14.3,41.7,24.4,31,404.6
31.4,7.2,40.2,22.4,19.8,311.1
24.1,8.1,30.2,16.4,15,285.7
31.8,6.4,34.6,24.7,19.3,327
29.2,19.1,50.1,27.6,38.2,678.8
32.5,7.2,40.9,16.2,23.6,320.6
23.9,11.6,32,21.2,15.8,330.7
35.5,12.9,32.9,23.7,16,276.8
30.5,9.7,29.6,22.6,17.8,302.5
33.8,8.9,28.3,21.4,16.8,307.4
35.7,9.9,38.9,20.7,18.2,382.8
35.2,5.8,27.3,28.3,18.8,351.2
35.1,7.1,28.8,25.3,19.6,281.1
32.9,5.8,37.7,21.5,16,324.9
30.8,4.7,25,16.6,17.6,313.1
29.5,10.9,31.8,21.6,16.8,217.6
33.5,8.6,34.2,17.4,16.9,306.2
34,4.1,22.2,18.8,17.5,292.2
32.4,14.4,39.5,28.4,29.9,319
33.8,15,24.3,22.9,16.9,395.7
34.2,9.1,26.8,21.6,16.8,294.2
33.2,9.5,29.7,25.4,16.6,285.7
33.4,5.6,32.3,22.3,16.8,280
32.1,7.2,26.3,16.5,17.1,267.3
27.5,8.8,31.2,19.6,15.1,231.5
32,11.9,37.5,28.6,24.2,374.9
31.9,9.7,35,20.9,17.4,392.8
29.3,7.7,28.8,20,17.8,282.2
32.5,11.9,40.5,28.7,31.7,372.3
33.7,6.9,29.4,17.5,17.6,318
27.8,8.2,31.1,20.7,17.3,328.6
32.3,8.4,39.1,27,19.3,326.6
31.7,8.2,28.9,20.8,18.2,305
31.9,15.3,31.3,32.1,18,325.6
27,20.1,39.9,26.9,41.8,81.1
31.1,9.7,25.9,23.2,15.2,144.8
28.2,17.2,40.2,26,40.9,394.6
33.9,8.8,36.4,22.2,19.8,318.5
31.8,8.2,38.1,20.3,17,402.5
31.8,7.2,33.7,15.8,16,231.1
31.5,8.4,36.1,18.6,18.9,326.8
31.1,10.7,35,21.4,17.5,279.6
32.5,9.3,32.7,20.6,21.2,280.1
35.2,5,28.5,18.6,15.3,349.9
32.9,9.4,33.3,25.7,19.3,302.7
30,8.7,34.2,22,19,287.4
32.4,19.1,45,27.2,34.2,470.3
35,8.1,38.7,25.3,19.2,324.8
33.2,8.3,40.5,19.9,17.3,280.2
29,18.7,42.3,30.3,31.8,420.6
32.5,6.7,31.5,28.8,16.7,282.9
33.6,6.4,40,24.7,15.9,282.9
32.7,5.6,25.1,18.7,17.9,305.9
30.5,9.1,34,20.6,17.5,288.3
32.1,5.9,41.2,23,18.5,307.1
35.7,12,27.8,25,17.9,289.4
32.2,11.2,26.7,20.9,17,247.5
34.6,7.7,30.4,20.2,16.9,267.8
34.6,6.1,31.3,28.1,15.6,277.8
33.3,14.5,41.1,37.1,22.5,337.5
31.8,7.5,39.8,21.9,17.7,303.6
32.7,10.4,27.4,20.2,15.6,222.7
33.2,6,29.6,20,18.2,318.6
31.1,18.8,52,27.1,33.7,259.4
43.8,8.1,32.9,23.5,27.7,476.6
40.6,9.3,33.6,31.5,23.9,641.3
38.1,15.4,34.6,24.5,23.6,440.4
40.2,14.7,46.1,38.1,26.2,600.8
43.3,13,33.6,33.2,25.3,491.8
38.3,12.1,27.5,20.7,24.7,486.4
38.8,13.2,37.9,37.4,25.5,638.5
39.9,11.8,44,30.8,21.8,392.4
39.5,17.1,41.2,31.2,25,548
39.9,18.9,35.5,32.2,28.9,459.6
42.8,11.8,34.6,34.8,26.4,579.4
39.4,15,47.3,29.4,25.7,447.3
40.1,17.1,38.3,32.3,27.1,492.7
41.8,15.5,34.2,31.9,25,529.2
39.6,13.3,37.6,25.4,26.4,446.9
41.9,8.4,25.6,26.3,27.1,470.8
41.2,11.1,35.3,31,25.2,488.2
38.3,9.6,34.9,31.5,30.7,630
40.4,20.2,47.3,35.2,29,536.4
40.4,11.4,36.7,40.7,26.4,492.4
42.4,15.4,43.1,29.7,25.9,413.4
42.7,16,31.5,35.9,27.4,594.8
38.4,13.5,40.3,29.6,22.2,404
31.1,13.6,36.4,26.8,22.5,382.8
41.3,14.7,39.1,38.4,26,488.3
43.3,14.2,29.5,24.7,28.9,471.7
34.1,10.8,34.7,26.2,21,394.4
41.3,10.2,29.7,20.3,24.4,360.6
37.4,14.2,36.9,30.6,24.7,412.7
40.2,13.7,33.4,37.9,27.6,378.4
38.4,12,39.9,31.2,23.9,393.9
40,13.6,33.7,27.1,23.1,391.9
38.7,8.7,34.2,31.3,25.9,506.1
40.9,8,37,29.4,27.9,365.3
38.3,8.9,36.2,22.6,20.8,299
37.8,12.8,37.6,29,23.6,463
41.8,12,30.9,28.9,27.8,510.6
40.8,9.2,38.6,23.9,26.3,380.2
38.1,8.2,29.7,18.4,23.8,419.7
44.9,11.8,31.7,29.6,28.1,458.5
38.5,12.8,30.8,33.4,23.7,498
44.6,12.6,35.4,27.4,23.7,327.4
32.3,9,29.2,23.1,20.9,349.3
40.3,20.6,35.3,26.4,24.9,410.1
43.9,11.1,31,24.8,28.3,425
40.6,10.9,32.8,24.1,23.4,449.2
40.7,7.8,32.6,39,24,497.5
43.5,13.1,33.2,19.5,28.9,504.8
38.1,10.8,30.9,23.2,19.8,362.4
43.9,11.3,36.6,33.9,27.2,402.8
35.3,10,29,21.1,18.4,349.2
41.2,9.6,34.8,34.8,25.2,504.5
42.1,14.8,25.3,24,20.2,294.4
39.9,10.3,36.1,32.2,24.7,470
40.3,15.5,35.4,36.7,28.4,418.3
41.3,15,32.7,31.1,25.9,447.1
39,10.7,42.2,29.1,24.8,492.6
37.3,11.5,31.7,30.9,21.7,351.6
41,14.8,31.3,33.3,25.9,485.4
42.1,8.4,36.4,24.3,26,379.9
40,8.8,29.3,18.6,23.3,488.9
41.6,18.7,37.7,30.3,29.9,375.4
42,8.9,35.1,28.3,27.5,460.6
45,8.2,30.7,31.2,25.9,391.2
42,12.3,40.6,31.8,25.3,463.8
36.4,8.5,28.3,24.5,23.3,366.7
40.9,17.7,39.5,27.1,26.3,418.9
42.7,11.3,36,21.2,22.1,444.7
37.2,8.4,37.6,30.2,23.4,422.1
32.3,11.6,33.2,23,20,328.9
41,16.3,39.9,33.1,29.4,460
41.6,10.1,36.8,22.9,24.7,374.1
39.8,11.2,31.7,25.6,26.1,379.9
36.6,8.8,26.8,30.5,20.4,353.7
35.8,10.9,24.8,22.1,27.5,350.7
43.4,9.1,33.2,24.8,28.3,357.7
41.3,14.1,35.7,32.5,27.5,382.6
42.2,15.9,37.2,23,26.5,377.8
33.8,6.7,22,16.7,13.8,247
37.1,9.9,33.2,20.6,20,324.8
42.4,16,38,27.9,26.2,425.9
40.8,14.4,30.6,26.8,26.4,525.4
43.9,16.1,40.8,30.1,28.9,660.9
42.3,9,30,35.8,26.9,414.2
42.1,17.7,37.2,30.3,25.6,450.1
40.5,12.3,34.6,34.7,25.8,412.1
43,8.4,29.1,21.1,29.1,445
41.6,13.9,31.8,32.8,26.5,478.3
39.9,13.3,41.5,26.5,23.9,379.7
42.1,11.2,29.7,25,27.8,383.3
40.1,14.8,43.8,34,24.3,389.5
39.4,10.5,33.6,29.5,23.1,457.6
42.7,14.9,27.9,19.6,24.8,446.9
42.1,13.1,33.4,26.7,29,432.3
37.9,11.1,33.9,24.7,21,379.4
36,11.4,37.3,26.5,22,422.6
37,13.5,39.6,32.1,19.7,389.6
42.7,10.5,37.7,32.4,17.5,349.2
37.1,15.7,40,35.5,16.6,366.5
37.9,7.7,32,25.3,16.3,293.6
42.2,11.6,29.1,24.4,16.4,304.4
36.4,11.4,41.3,26.5,17.6,333.2
34.4,10.4,33.7,19,20.3,414
31.9,11.7,32.6,24.3,18.2,334.9
32.3,9.7,29.7,20.9,14.6,338.8
41,8.6,22.6,21,15.3,258.5
41.5,8.4,26.3,24.8,17.9,396.8
33.7,11.1,31.7,31.5,15.5,341.7
29.5,10.5,31.2,20.1,14.9,324.9
38.7,9.9,26.2,20.1,14.2,253.6
40.8,7.9,35,22.2,17.3,381.7
38.5,10.8,37.1,29.4,17.9,450.3
39.2,11,46.2,25.4,19,541.9
39,14.2,33.6,24.1,16.6,299.4
36,11.8,39,22.8,18.3,346.9
37.9,10,32,20.8,16.8,341.6
36.3,11.8,31.2,24.4,17.2,291.3
34.6,8.4,32.7,24.3,18.3,386
38.3,11.1,44.2,33.9,20,409.9
42.1,4.7,27.9,20.7,17.2,316.6
42.9,12.7,22.2,22.2,19.1,431.8
39.3,9.6,24.7,28.1,17.2,384.4
37.3,6.2,29.5,20.4,14.7,300.5
41.3,8.4,24.9,22.1,17.4,472.2
42.1,5.4,19.6,21.2,19.6,318
31.1,6.6,31.2,24.3,20.5,356.4
35,6.2,20.4,17.3,15.8,402.3
38.6,6.8,30,22.4,15.5,363.2
42.1,7.6,32,19.4,20.2,341.4
39.2,9.1,25.5,30.6,18.8,339
39.5,8.4,26.5,24.4,18.3,342.4
39,13.5,26,21,17.3,368.5
32.7,9.2,37.2,32.3,17.4,422
42.4,5.7,22.9,22.4,15.9,319.9
31.6,10.5,31.5,20,14.9,293.9
38.2,5.2,29,18.8,21.6,353.4
40.5,9.5,24,22.1,17.6,335
33.6,9.4,25.4,18.2,12.7,253.7
39.5,13.2,39,24.2,20.5,354.5
34.2,5.5,29.4,21.2,18.6,384.1
35.7,11.1,34.4,25.3,18.2,321.8
41.6,6.9,24.4,24.1,14,257.1
36.8,6.7,26.3,18.5,17.8,302.1
40.1,9,31.1,24.2,16.4,315.5
38.8,15.5,32.8,24.3,18.7,324.9
38.8,14.3,40.6,28.9,20.9,382.6
33.9,9.2,33.3,20.2,15.3,329.1
41.3,8.5,25.7,21.6,19.2,320.6
37.3,7.2,37.1,25.3,20.3,477.3
34.9,10.1,29.9,22,15.9,307.7
31.1,8.8,31.7,17.2,14.8,237.1
33.2,11.3,38.3,24.4,15.1,314
39.5,10.5,36.9,35.3,19,385.8
40.7,12.9,28.4,30.7,22.2,367.3
38.3,8.9,38.3,23.4,21.2,291.6
39.4,7.2,24.1,19.1,16.2,328
37.7,11.7,33.2,27.6,17.1,365.9
39.5,13.1,43.6,31.9,21.6,515.8
44,6.1,26,19.4,13.7,252.4
35.2,13.4,41.3,31.6,20,481.6
38.8,6.9,23.2,21.2,16.1,318
37.6,16.7,33.9,23.7,16.6,488.8
35.2,5.7,26.9,19.4,18.8,472.6
36.8,8.1,33.9,25.1,12.7,286.5
41.4,9.3,22,19.3,21.7,318
41,11.4,24.1,22.3,15.3,301.5
43,6,31.4,23.2,17.1,306.8
39.8,7.6,22.9,19.7,18.4,302.7
32.1,7.7,32.8,25.1,14.7,446.4
38.2,11.9,33.9,20.7,17,329.6
32.9,6.1,23.8,23.3,15.7,317.9
40.2,17.2,40.4,31.4,17.4,336
38.4,12.8,37.5,25.1,18.6,358.6
41.4,9.9,33.7,30,19.8,349.1
36.4,18.2,37.4,30.3,22,514.3
39.6,11.4,41.9,27.2,21.1,405.8
38.8,7.9,23.6,22.2,18.9,368.3
44.6,7.8,26.3,22.5,15.5,264.9
36.1,6.7,29.4,23.8,21,383.2
40.8,11.1,31,21.4,17.5,383
35.1,9.5,34.2,22.8,18,340.2
39.3,7.3,24.1,24.7,14.1,329.6
35.1,13.9,29.8,27.5,19.8,402.2
42,5.6,25.3,23.2,16.2,226.5
38.5,8.5,36.2,31.8,18.7,381.9
36.1,17.3,30.7,25.4,17.7,300.3
36.9,13.4,37,19.4,15.5,363.6
42.7,7,29.1,23.5,14.8,336
31.9,6.3,34.5,24.5,15.4,317.5
40,16.5,40.6,32.5,19.5,315.6
42.1,5.5,28.2,24.8,17.7,327.9
35.4,8.7,29,17.5,15.6,332.5
34.2,11.8,35.3,29.5,19.3,370.5
38.8,15.9,34.8,20.7,20.5,420.5
39.4,6.2,35.2,20.1,22.2,523.5
35.1,12.3,33.2,24.7,15.3,305.5
37.1,14.5,45.4,36.6,20.6,545.5
35.5,16.7,39.1,26.5,18.4,333.5
40,18.5,39.6,32.6,21.1,556.4
42.3,17.5,30.3,21.1,19.6,192.4
35.3,6.6,27.8,20,16.8,310.3
43.8,5.6,21.3,18,18.6,320.7
33.7,13.8,29.3,25.6,17.6,360.1
39.7,6,21.1,27.6,16.9,342.6
38.6,14.8,41.6,35.7,18.6,437
40.1,6.4,19.3,18.2,18.2,373.7
44.8,5.9,27.9,26.8,20.4,413.7
42.9,19.5,36,25.8,20.9,350.1
41.5,13.2,37.9,20.3,21.8,382.9
37,9,40.6,32.1,17.1,355.5
40.3,5.5,32.1,22.9,19.4,276.1
37,12.1,23.9,18.7,15.1,344.4
39.3,7.9,29.1,35,22.2,389.3
37.3,12.3,32.2,26.1,19.8,343
37.8,8.7,21.8,18.2,17.4,348.3
37.4,11,29.1,16.6,14.1,329.1
42.8,4.2,21.1,22.2,16,328.2
34.4,12,30.4,24.4,16,316.7
30.3,7.6,23.1,15.8,13.3,238.6
43.3,21.1,25.3,23,20.1,410.6
39.2,9.4,42.3,35.5,20.3,500.3
36.5,5.9,24.1,19,18.7,359.2
37.1,14.3,35.9,24.5,16.8,328.5
35.9,7.4,26.8,18.2,16.4,333.4
36.8,15.8,36.9,28.1,16.6,328.2
33.4,11.5,31.9,22.6,19.5,344.7
33.5,12.5,34.8,30.7,17.8,353.7
36.1,19.1,37.8,27,18,401.7
38.7,12.6,36.7,35.4,16.9,288.3
34.3,9.5,37.3,32.2,16.6,306.9
38.2,13.4,36.7,22.8,18.4,429.9
36.9,18.8,37.9,26.2,19.5,295.6
33.6,8.4,31.1,19.1,12,247.6
36.8,7.6,34.6,30.4,16,326.7
36.2,6.9,37.4,21,18.6,414.5
37.1,11.4,30.2,17.9,19.5,296.3
38.6,8,28.6,24.1,19.6,407.4
33.8,7.4,31.3,27.1,17.6,412.6
38.8,9.7,28.3,16.1,17.1,364.8
39.1,8.6,23,18.5,15.5,481.7
38.1,6.4,26.3,18.2,17.4,358.7
40.5,7.5,27,22.7,17,375.5
38,4.3,24.5,20.1,12.7,352.4
36.9,14.5,45.6,35.2,19.7,514.5
40.7,8.9,26.7,25.2,17.7,386.4
40.1,15.9,38.7,25.5,19.1,444.9
38.6,6.3,21.8,22.6,19.2,421.8
37.4,6.4,26.9,20.1,15.3,442.5
40.2,13.6,44.9,33.4,20.5,427.2
37.5,6.5,28.5,20.2,16.7,375.7
34.5,7.4,23.7,18.1,20,396.8
40,11.9,33.4,28.6,17.7,353.1
40,12,27.5,17.9,20.8,381.9
32.3,7.6,25.1,19.9,11.8,232.6
38.7,7.2,26.1,17.4,18.9,451.3
38.2,14.9,24.5,19.7,17.9,317.2
42.4,12.3,20.2,19.7,21.2,346.1
39.4,6.7,25.9,18.9,18.9,416.5
35.8,7.5,27.5,24.1,19.5,297.5
34,7.8,30.5,23.2,16.4,321.2
36.6,15.3,27.9,23.3,21.1,430.4
35.9,10.9,26.1,17.8,17,357.2
40.3,6.3,29.2,19.1,20.1,474.9
31.9,7.4,31.7,21.4,13.8,236.7
39.8,4.9,18,17,18.9,372.4
39.3,10.1,30.7,18.6,17.1,456.2
40.1,6.7,29,17.3,19.9,467.7
35.6,11.7,38,25.7,17.5,317.4
33.4,16,34,26.2,17,326.4
38.3,7.2,32,23.3,19.7,513
40.2,5.1,22.9,18.7,16.4,373.9
38.9,6.7,31,21.9,17.7,416.5
41,11.8,28.8,19,18,360
39.9,11,30.5,21.6,16.3,411.9
34.1,6.4,34.6,27.2,21.7,399.1
33,6.1,19.1,18.4,20.4,392.6
37.5,21.9,35.8,26,20.3,472.2
37.8,9.1,38.1,34,18.3,374.4
36.1,8,34.3,22.9,19.4,449.8
35.7,13.7,31.5,26.8,17.8,423.3
43,6.8,25.9,20.5,21.8,363.5
38.1,6.4,26.9,20.6,20,390.4
40.3,9.2,33.6,31.9,19.7,398.3
37.8,13.1,44.5,33.1,20,372.6
35.2,6,28.7,21.5,17.3,274.4
40.1,8.7,28.2,31.8,21,405.1
36.5,6.2,21.8,21.4,18.7,389.3
40.1,12.9,36.5,29.9,20.5,478.7
35.9,9.1,29.2,25.2,17.9,394.3
40.2,11.2,33.1,22.5,16,304.6
38.7,8.6,32.1,29.2,20,429.6
35.6,5.7,35.4,29.7,19.5,463.7
37.8,12.5,38.3,31,19.9,434
37.6,7.5,28.6,33,19,592
37.8,6,25.1,26.8,21.6,402
35.8,11.8,39.6,28.2,19,375.7
36,7.4,29.3,24.6,21.2,428.2
34.6,12.3,39.3,30.9,18.7,424.8
42,9.2,27.8,21.2,15.4,282.6
38.7,7.8,20,17.7,17.4,309.8
39.2,6.2,26.2,19.4,18.1,344.6
37.7,13.7,34.3,39.6,20.4,476.5
38.7,15.3,25.5,25.5,19.5,408.8
37.6,6.6,29.1,22.9,17.7,372
32.4,6,31.5,22.1,15.9,411.9
38.8,13.7,26.1,16.9,19.1,402.6
43,19.1,44.6,26.4,21.3,418.6
35,5.8,30.7,17.7,17.8,371.2
34.2,19.2,20.2,18.8,18.7,352.9
40.6,11.6,34.2,27.9,19.2,445.3
34.8,8.6,27.7,20.4,18.8,353.9
39.3,12.2,33.3,17.6,19,459.7
42.5,9.4,24.6,22.1,17,390.7
38.5,13.9,27,24.3,18.6,430.7
35.1,12.1,27.1,33.2,18.4,461.5
37.2,10.3,25.2,20.7,19,374.1
39.5,12.2,40.7,27.6,19.9,430
38.3,10.7,34.1,23.8,20.2,378.1
36.4,7.7,31.9,23.9,17.2,319.1
36.9,10.4,37.1,23.7,17.8,356.4
35.8,11.1,31.3,24.2,20.3,550
41.8,5.9,27.4,15.9,19.5,435.2
34.1,7.1,29.7,25.8,15,366.7
41.3,17.5,39.9,34.9,20.9,531.1
37.6,6.4,21.8,17.6,17.1,478.5
33.4,13.6,30.5,26.7,13.9,317.6
38.3,14.5,40.8,29.3,20.1,407
36.2,7.7,28,22,19.2,276.9
39.8,8.4,26.6,17.9,18.3,437
37.1,5.7,29,24.9,17.1,330.2
36.3,11.8,33.3,22.6,17.8,417.1
38.9,4.6,28.8,22.5,18.8,324.1
39.3,11.8,35,27.7,20.9,454.2
41.9,7,21.1,18.6,17.5,370.2
38.3,7.3,19.7,18.1,20.7,389.4
35,10.9,30.6,23.1,15.6,298.8
34.3,8.4,31.1,24.8,17.1,430.1
37.2,19.7,36.9,24.9,20.2,414.9
41.8,11.4,25.2,27.6,17.4,391.8
36.7,8.9,33.6,28.8,19.6,418.5
38.9,12.9,29.9,27.4,19.6,432.3
39.8,11.8,35,24.8,19.2,438.5
39.6,5.5,25.4,24.6,19.3,448.9
35.6,16.5,36,29.8,19.1,374
38.9,17,35.9,29.7,20.2,375.8
36.6,14.6,44.1,27.3,18.9,395.2
41.7,19.2,33.1,28.8,18.2,422.6
35.5,11.5,29.5,20.9,16.3,395.3
39.2,11.9,35.9,32.5,19.5,425
34.6,8.9,27.2,18.4,12.5,305.6
33.3,9.4,34,17.9,11.4,352.7
28.4,6.9,25.1,14.4,9.7,290.2
34.5,9.6,30.3,21.4,13.7,386.1
37.4,10.8,28.5,17.4,10.7,256
30,8.8,26.8,16.2,8.5,311.4
32,8.8,31.6,22.2,15,313.6
35.2,10,30.9,18.2,12.5,460.9
38.1,6.9,20.7,23.2,12.4,247.1
35.4,9.6,26.8,14.6,12.4,264.6
31.7,9.3,26.6,16.7,13.1,221.8
32.8,7.7,28.2,18.3,13.2,306.3
37,6.7,27.3,17.1,11,307.6
35.6,8.5,36.2,19,11.5,298.5
31.6,5.3,22,17,9.3,301.3
39.9,6.9,22.5,21,12.8,318.5
35.9,7,24.9,29.6,11.4,261.6
29.4,7.4,26.3,16.7,11.4,290
35,12.9,38.4,22.5,18.1,220.2
33.4,7.8,28.7,19.3,12.2,293.6
35.3,8.8,29.9,21.1,13.4,322.7
31.4,4.3,14.3,11.9,8.3,200.8
30.5,11.9,37.3,25.6,12.1,312.1
31.1,11.1,35.9,21.4,15.1,376.4
26.7,7.6,26.7,15.8,6.9,306.7
30,5.5,24.7,14.8,9.5,257.8
36,7,24.1,16.2,9.9,204.1
37.5,5.8,22.4,13.2,11.4,277.5
29.4,8.5,31.7,18.7,12.4,333.4
30.9,6.3,25,18.5,12.9,324.5
33.1,8.6,30.2,18.4,15.1,344.2
32.7,7,29.9,21.8,17.7,314.8
27.3,6.3,22.2,13.4,11.8,239.3
30.3,7,23.5,17.6,16.4,290.9
33.8,8,29,16.9,16.1,308.7
32.5,8.6,33.7,20.5,16.1,369.5
32.5,6.5,22.1,14.7,13.8,305.9
31.8,6.2,25.6,15.6,15.3,273.4
34.6,7.7,27.3,15.9,14.6,297.9
36.3,10.4,30.2,25.1,18.7,324
31.2,9.5,34.6,25.1,16.7,329
33.2,7.4,29.9,19.4,14.4,271.8
35.7,7.7,32.3,22.8,19.6,332.1
38.2,12.2,27.6,25.5,19.4,429.4
42.3,8.8,35.9,37.2,27.5,444.5
40.3,11.7,34.4,24.4,21.7,273
42.4,6.4,36,29.1,26.7,395.5
40,9.5,31.9,27.6,20.6,406.9
41.9,6.8,33.7,26.8,22.9,282.2
41.5,10.8,34.5,26,26.4,390.4
39.4,10.8,32.7,31.7,20.9,399.9
40.6,15.3,33,36.9,24.4,409.6
41.2,13.3,31.4,32.6,22.9,389
40,15.3,30.1,35.4,23.2,418.6
39.3,12.8,36.2,35.7,24.2,434.7
40.2,13.7,32,27.6,20.8,341.4
39.1,15.5,39.9,34,25.3,432.9
40.1,10,37.4,29,22.3,437.9
39.3,21.9,26.6,25.7,22.6,456.7
40.6,5.4,34.6,28,24.9,381.6
38.1,8,26.9,30.5,23.7,436.3
40.7,11.3,37.2,31.3,21.7,420.1
33.5,6.8,22.7,14.3,13.1,227.7
41.4,10.9,33,29,22,377
39.5,10.5,43.2,27.2,20.6,362.5
38,14.5,28.8,26,20.1,319.9
38.3,15.9,40.7,28.9,21.1,336.4
37.8,15.6,34.3,23.5,17.9,274.5
42.3,5.2,25.9,21.7,22.2,344.4
38.7,11.9,33.4,18.8,17.5,286.3
37.8,4.3,28.5,15.7,17.3,307.2
38.4,12.5,44.4,38,22.9,360.2
37.7,10.4,42.1,35,24.4,292.6
37.6,12.9,38.2,30.1,20,308.4
36,12.2,42.6,30,19.6,290.8
39.8,12.8,38.2,33,21.6,307
41.4,13,35.6,23.3,23,350.4
35,9.7,32.9,22.2,15.1,294.1
39.9,5.5,27.6,30.7,18.6,281.9
39.2,15.2,42.8,28.8,21.6,272.6
37.4,12.6,45.5,28.1,20.9,291.2
38.8,10.1,35.4,31.2,19.9,371
40.6,7.6,28.6,19,19.7,288.7
36.9,17.1,37.5,25.7,15.4,248.2
39.8,12.5,39.8,31.6,20.2,293.4
37.9,9.8,29.6,19.4,18.6,357.7
37.4,6.4,28.7,19.6,15.5,283.4
37.3,6.3,30.4,20.1,19.7,293.1
36.8,15.4,41.4,26.2,26.5,530.4
40.1,15.7,41,28.7,21.2,357.4
35.7,8.1,29.3,17.5,15.6,284.1
33.5,8.8,32.4,22.4,16,284.7
41.9,17.2,37.2,27.9,23.2,341.9
36.8,9.5,44.1,28.9,17.8,330.5
36.3,7.6,28.2,17.8,12.9,233.5
40.2,14.6,47.9,30.6,20.8,367.3
33.8,12,30.1,23.4,16.8,280.4
36.3,18.2,34.9,37.8,19.5,317.3
43.5,14.8,28.3,18.7,15.5,352.3
38.3,9.6,35.6,21.6,20.5,340.6
40,13.7,45.5,27,24,379.5
41.4,9.3,29.5,21.1,16.7,343.4
39.8,12.7,41.7,28.9,22,343.3
42.3,7.8,35.9,21,17.3,336.5
28.5,9,29.7,19.7,16.1,276.9
41.2,7.1,31.4,23.2,17.9,344.4
36.1,10.5,33.7,24.2,17.6,317
41.2,15.3,41.8,23.8,19.7,365.7
42.7,10.3,24.1,19.8,16.6,326.2
38.2,20.5,34,33.1,24.2,431.4
37.7,8.7,37.9,24.6,19.4,302.1
42.8,11.4,34.1,28.8,22.5,360.7
39.3,10.5,38.8,31.5,21.1,322.6
36.6,9.1,28,27.1,17.7,287.3
33.2,12.6,37.7,32.3,19.4,373.2
34,12.8,33.3,28.5,18.5,227.5
38.6,13.1,33.5,29,21.9,363.1
37.5,11.1,29.7,24.3,16.4,291.6
41.1,11.7,29.8,25.6,19.4,309.6
38.6,13.1,46.3,31.9,20.5,337.5
34.6,8.6,33.1,23.7,17.3,257.2
39.8,15.8,32.2,15.4,20.3,316.1
36.6,10.1,39.3,24.8,24.4,385.2
38.9,10.5,33.2,22,19.4,305.1
32.8,9.3,25.3,17.2,14.4,230.2
38.2,7.6,21.8,23.1,23.7,429.6
29.3,10.9,30.6,19.1,17.2,297.6
33.8,10.7,34.9,23.9,16.9,298.2
37.7,8.6,34.1,23.4,19.3,374.1
39.9,6.8,24.4,19.2,22,492.6
38.5,12.5,31,24.5,21.3,502.3
39.2,9.6,28.7,33.2,24.8,557.8
38.1,13.7,37.9,44.4,21.1,473.1
29.8,11.4,31.6,25.3,16.7,269.5
33.3,13.8,36.7,23.1,18.4,352
36.1,13.1,41.1,31.3,23.3,437.7
29,8.2,24.2,17,17.1,377.9
31.4,8.9,36,24.5,18.2,379.7
38.3,15.9,24.3,24.5,21.8,682.4
32.5,14.4,37.5,24.3,19.4,363.9
30.6,12.8,35.4,23.3,20.6,405.7
36.3,15,39.4,31.8,22.9,545.7
36.2,9.3,38.8,24,14.7,308.8
34.2,12.9,42.4,28.3,20.9,392
27.9,10.2,33.4,20.8,19.3,388.8
31.2,12.2,31,23.2,20.5,324.7
36.5,11,35.9,25.7,22.1,407.8
36.3,14.5,31.3,29.4,17.1,389.7
37.1,7.1,22.5,22.8,18,360.8
34.6,12,33.7,24.7,18.5,342.6
33.5,9.6,27.8,19.7,17.6,277.7
37.1,17.6,37.2,31.3,20.4,374.1
28.9,15.1,33.9,21.3,14.5,228.2
28.5,5.9,18.9,12.7,10.8,180
39,6.7,27.8,18,17,279.1
36,11.7,32.8,29.7,19.5,264.7
33.6,6,20.8,14.8,11.3,169.2
36.1,8.3,33.3,21.9,15.6,236.7
36,9.9,33.1,20.9,17.2,316.4
44,6.6,26.2,18.6,18.5,283.3
31.5,6.1,22.6,15.9,11.9,199.7
39.2,12.6,43.9,26.5,20.2,303.8
40.3,15.6,38.5,30.7,23.2,318.3
31.3,9,31.9,18.3,14.8,213.1
39.9,9.2,31.8,15.3,15.9,290.9
36.8,7.9,31,25,18.2,285.5
38.7,11.5,32.9,23.6,19.5,310.3
30.3,7.5,31.4,16.2,14.4,264.4
36.3,12.7,34.7,29.8,20.5,312.3
29.7,5.6,23.9,16.2,13,197.2
34.3,7.4,23.6,16.7,11.5,304.9
32.1,5.1,21.5,14.9,9.3,194.6
27.9,8.6,26.4,24.2,19,293.1
32.4,9.5,29.4,27.2,17.1,296.9
31.4,11.5,28,23.1,17.7,180.4
34.9,6.4,29.6,19.9,18.5,315
35.1,6.7,32.9,19.2,13.8,240.3
38.8,10.7,30.4,18.8,14.7,269
33,9.1,31.8,15.4,14.2,280.5
35.9,11.2,37.7,20.6,17.1,331.3
37.7,10.2,36.1,22.9,16.7,320.3
36.6,6.6,30.6,15.4,12.8,245
38.9,4.5,22.2,9.2,11,255.4
28.9,7.6,22.4,13.1,10.9,224.5
32.3,7.8,30.3,16.9,13.8,272.5
30.6,6.1,27.6,20.7,13.3,250.1
38.1,8.5,27,15.8,14.7,203.8
38.2,9.6,33.1,22.3,17,349.9
37.8,8.8,37.8,20.7,16.9,294.1
36.1,7.6,32.4,20.9,17.6,270
40.3,9.8,38.2,22.8,16.4,410.5
32.4,9.8,31.6,18.1,13.9,293.2
38,3.6,20,11.5,10,165.3
35.3,8.2,30.4,15.6,15.1,251.5
37.4,9.4,34.7,17.5,16,219.5
31.3,8.3,30.1,17,13.1,242
32.2,9,30,14,12.8,248.5
40.8,10.3,34.7,19.7,14,318.5
32.4,7.1,27.9,12.2,12.9,235.5
32.4,10.9,34.3,20.5,15.5,409.5
33.1,8.7,35.3,22.7,16.6,269.1
38.2,10.4,32.4,16.8,16.8,302.8
34.5,8.4,34.5,16,13.7,269.3
39.2,8.5,31.6,20.6,14.6,271.1
34.8,7.1,30.9,17.7,15.5,248.1
38.9,10.2,31.2,16.9,19.4,288.5
30.4,10.8,31,16.9,15,259.6
38,9.6,34.1,25.7,13.8,308.1
34.2,8.7,33.2,22.7,17.4,302.8
37.8,8.3,33.2,21.5,14.4,281.3
39.9,9.2,41,25.9,16.1,265.4
33,8.8,29,17.1,15.3,268.3
38.7,7.8,30.2,20.9,17.6,271.5
32.5,10.9,29.3,14.9,13.3,265.3
25.2,9,26.8,17.3,13.2,289.3
41.4,17.8,41.9,29.6,27,408.2
40.9,16.2,40.9,30.3,27.4,407.9
40.8,13.2,37.7,24.1,24,362.4
41.7,13,42.9,34.5,29.4,395.9
42.8,18.6,42.4,37.1,28.2,502.1
44.6,13.7,44.9,34.1,32.7,466
41.9,12.8,39.7,29.9,24.3,435
42.6,19.5,41.4,43.8,32.6,524.7
42.1,10.8,41.2,28.9,26.2,360.1
42.3,14.7,38.5,28.8,25.9,474.4
43.3,13.1,40.9,36.2,25.9,415.6
40.5,15.1,42.2,31.8,27.3,342.6
42.9,13.2,36.2,38.6,27.8,474.8
42.7,9.2,36.9,25,27.5,347.8
38.3,12.2,36.7,26.6,23.8,356.3
44.5,11.7,30,21,26.8,358.3
43.9,12.4,38.2,27,29.7,363.1
40.4,6.7,37.5,21.3,24.4,306.8
37.7,19.4,36.8,20.4,25.3,371.5
42.2,13.1,42.9,22.2,25.2,352.4
42.8,12.3,40.9,26.5,24.7,382.4
42.2,14.9,41.3,31.3,26.5,370.4
38.5,10.6,32.1,22.3,20,404.6
39.6,13.1,31,21.1,25.5,434.1
37.9,10.3,39.6,22,20.7,360.2
42.7,11.6,44.3,23.3,25.8,398.9
42.9,11.5,41.6,22.8,28.5,355
42,10.4,34.5,25.8,24.5,350
42.6,15.9,37.9,24.9,25.2,369.4
43,11.6,34.4,24.4,27.5,375.2
39.8,15.1,39.7,29.3,23.5,411.1
41.5,12.6,35.3,22.6,23.7,377.3
42.8,13.4,31.7,25.2,25.4,390.6
40.6,12.6,39.8,29.2,25,365.3
36.3,11.2,38.3,26.2,24.5,324.3
40.5,14.9,34.8,25.7,22,401.6
43.1,13.5,38.8,31,25,337
41.9,10.5,39.2,24.5,26.6,314.8
40.4,10.9,42.2,23.3,23,434
42.3,14.2,39.9,25.4,25.2,341.3
39.9,14,36.9,23.8,22.8,388.6
38.4,9.7,33.5,20.2,21,307.9
41.3,9.8,43.4,34.2,26,444.4
38.6,13.5,37.8,25.9,23.1,481.4
40.2,11.6,35.9,24.1,23,403
30.4,10.2,30.5,19.7,20,333.4
40.8,11.8,37.9,24,22.8,342.4
45,11.9,37,25.8,24.9,291.8
43.8,11.6,33.2,18.7,24.9,349
40.4,14.9,36.8,29.4,24.4,374.9
39.7,9.3,34.4,27.8,25.8,339.2
39.6,10.6,40.4,29.1,24.7,388.4
42.6,16.6,29.1,18,23.4,414.3
40.6,13.7,35.1,24.2,26,344
43.9,13.2,36.5,31.4,28.8,355.3
42.3,13.9,31.9,22.3,21,288.7
33.8,9.4,33.1,18.4,17.6,344.3
38.8,10.3,32.4,17.2,19.1,308
34,7.3,27.5,15.5,16.9,286.4
35.9,7.9,45,25.2,18,280.2
39,9.7,31,15.3,19.9,270.5
31.2,5.7,23.2,13.7,14,240.3
36.3,9.7,37.6,19.6,19.8,375.4
37.3,6.9,31.5,21.9,17.6,312.2
34.3,9,35.2,18.4,18.3,284.7
35.8,6.7,32.4,22.4,17.7,303.6
39.4,5.9,32.6,24.4,18.9,381.9
37.2,11.3,30.3,19.5,18.1,270
37.6,11,34,25.7,21.6,299.8
35.2,6.3,32,20.3,18.1,313.5
38.9,6.8,35.6,22.1,21.7,293
34.4,7.2,31.2,20.4,18.4,328.9
38.2,6.8,34.3,29.4,18.3,297.2
32.5,6.1,26.3,20.3,16,287.8
37.5,8.3,28.3,25.8,19.4,285.9
38,7.8,35.7,19.2,18.6,333.8
40.7,9.7,39.7,21.9,19.7,295.7
32.1,9.7,31.6,22.7,19.9,379.1
36.6,10.4,37,21.4,19.4,282.7
34.5,10.9,32.5,17.6,17.1,302.4
35.8,5.7,23.4,12.8,13.1,278.3
39.1,5.7,27.4,24,19.4,302.6
33.3,6.9,28.5,18,16.2,293.3
35.8,9.1,38.6,21.4,18.2,342.6
38.7,5.9,36.8,20.2,19.4,281
35.8,10.5,36.8,21.6,19.4,327.3
36.7,8.7,34.7,16.6,18.7,279.2
35.4,5.6,33,20.8,16.6,317.9
37.1,8.3,37,19.6,19.1,303.5
39.5,11,33.9,16,20,278.2
35.4,7.7,33.1,21.8,17.4,315.1
36,6.3,30.3,16.7,15.4,298.2
35.1,8,27,15.3,14.3,245.8
38.9,6.6,36.7,21.5,19.8,313.2
40.6,9.1,37.4,20.9,20.3,310.7
34.8,8,37,19.1,18.5,261
38.2,6.6,26.8,18.3,18.5,294
39.4,7.9,32.2,17.7,21.4,368.4
38.8,8.5,41.6,17.9,19.4,313
41.1,4.6,29,19.2,17.2,259.6
41.8,8.7,35.3,24.4,18.5,280.2
36.3,8,30.6,18.7,19,323
38.3,9.5,39.7,22.3,22,313.8
40.9,10.9,32.3,17.9,15,279.3
36.8,6.9,36.8,20.3,19.2,283.7
32.9,7.9,39,20,17.7,291.6
32.9,9.6,28.2,18.3,17,314.6
41.5,9.4,35.1,21.6,19.1,284.9
40.8,8.6,30.8,22,21.3,343.9
42.5,6.5,26.8,17.4,18.8,364.5
39.5,9.6,31.1,21.2,19.8,323.3
37.9,6.3,41.3,19,19,315.6
36,8,33.5,21.4,18.3,303.1
40.3,6.2,32.4,21,20.5,468.5
36.9,13.5,45.1,29.1,32.5,345.4
38.8,15.9,35.5,19.3,19.4,374.5
38,6.2,34.9,19.8,17.1,328.7
33.4,6.7,30.3,13.3,16.7,270.8
38.7,10.9,30.1,19.3,18.6,293.2
41,6.3,30.5,20,18.3,343.3
40.5,6.5,25.3,31.8,21.1,327.3
33.2,7.1,25,18.3,15.4,263.7
42.2,10,35,23.5,21.5,309.2
39.3,10.8,35.4,28.4,21.4,309.1
38.9,8.3,37.4,26.7,21,324.2
42.7,8.3,29.3,19.7,17.6,339
41.6,9.4,36.8,25.9,18.3,301.3
36.3,12.2,32.2,25.7,19.5,317.3
34.7,7.8,33.6,28.6,21.3,315.4
34.2,8.8,29.4,24.3,20.2,335.6
39,8.8,29.6,24.3,17,330.7
35.3,7.6,25.4,21.1,17.6,303.7
31.2,8.3,31.1,23,21.5,318.4
36.3,6.8,26.7,22.2,16,307.5
34.4,8.9,28.8,19.1,17.3,256.5
30.4,8,30.1,24.1,18.7,348.8
28.7,2.2,11,10.7,13.2,155.9
33.8,9.5,34.9,24.5,20.6,376.1
36.8,8.2,29.5,27.2,18.1,328.3
27.6,7.7,26,15.6,15.3,252.5
32.7,7.9,31.1,25,22.2,332.8
34.4,9.2,32.2,23.2,19,294.4
37.5,6.8,29.3,23.7,17.5,312.4
36.4,7.8,32.4,30.6,17.7,274.6
37.2,4.5,26.1,21.6,17.1,320.2
32.1,8.9,30,21.9,18.8,264.5
36.8,6.4,27.8,27.7,21.3,274.8
37.7,10.6,28.4,19.8,17.7,270.9
36.3,9.2,36.8,24,19.4,307.4
35.1,6.8,28.9,20.9,16.9,288.3
